CollectorID,Title,Date Created
95299810,American Samoa Year 2016-17,01/05/2017 03:56:00 PM
95300007,China Year 2016-17,01/05/2017 04:05:00 PM
95476913,Kosrae Year 2016-2017,01/13/2017 07:18:00 PM
95476920,Pohnpei Year 2016-2017,01/13/2017 07:20:00 PM
95476985,Ecuador Year Sept 2016,01/13/2017 07:33:00 PM
95592572,Email Invitation 4,01/19/2017 01:38:00 PM
96475930,Ecuador GEF 2016,02/28/2017 01:20:00 PM
97895053,Thailand 2016-17,05/31/2017 06:28:00 PM
98169225,Ecuador Feb 2017,07/25/2017 10:30:00 AM
98597567,RMI 17-18,12/18/2017 09:16:00 AM
98665898,China GEF 2017-18,01/18/2018 04:05:00 PM
98665908,AmSam 2017-18,01/18/2018 04:12:00 PM
98690480,Ecuador Sept 2017,01/29/2018 01:19:00 PM
