	Program Country:	Program Start Year:	I would describe myself as:Resourceful	I would describe myself as:Patient	I would describe myself as:Culturally Competent	I would describe myself as:Adaptable	I would describe myself as:Emotionally Intelligent	I would describe myself as:Resilient	Professional Learning Communities (PLCs) are useful to me	The Five Step Lesson Plan Template is useful to me	The Data Analysis Tool is useful to me	The Professional Development Modules (Scholarly Articles) are useful to me	WorldTeachNet is useful to me	The Teacher Quality Coordinator is useful to me	The Director of Education Office Hours are useful to me	I am satisfied in the Educational Support I have access to from WorldTeach	The staff member:Is accessible and eager to help.	The staff member:Responds promptly to requests for help.	The staff member:Anticipates needs of volunteers.	The staff member:Follows through on administrative, site, or housing issues.	The staff member:Keeps volunteers informed of changes and relevant information.	Has the Field Director conducted a site visit with you yet?	The site visit was useful to me.	The Field Director made me feel comfortable and supported.	The Field Director gave me useful and professional suggestions.	I feel safe in my home.	I feel safe in my community.	I feel integrated into my community, increasing my sense of safety.	I feel welcome as a foreigner in my community.	I have friends, host family members, colleagues, or community members who would help protect me in an emergency situation.	The coverage of health and safety issues at Orientation was sufficient.	I have an understanding of what to do in various emergency situations, as laid out in the Emergency Action Plan.	I always inform the Field Director of my travel plans when I go off-site.	I generally feel safe in my country.	Average:I would describe myself as:Resourceful	Average:I would describe myself as:Patient	Average:I would describe myself as:Culturally Competent	Average:I would describe myself as:Adaptable	Average:I would describe myself as:Emotionally Intelligent	Average:I would describe myself as:Resilient	Average:Professional Learning Communities (PLCs) are useful to me	Average:The Five Step Lesson Plan Template is useful to me	Average:The Data Analysis Tool is useful to me	Average:The Professional Development Modules (Scholarly Articles) are useful to me	Average:WorldTeachNet is useful to me	Average:The Teacher Quality Coordinator is useful to me	Average:The Director of Education Office Hours are useful to me	Average:I am satisfied in the Educational Support I have access to from WorldTeach	Average:The staff member:Is accessible and eager to help.	Average:The staff member:Responds promptly to requests for help.	Average:The staff member:Anticipates needs of volunteers.	Average:The staff member:Follows through on administrative, site, or housing issues.	Average:The staff member:Keeps volunteers informed of changes and relevant information.	Average:Has the Field Director conducted a site visit with you yet?	Average:The site visit was useful to me.	Average:The Field Director made me feel comfortable and supported.	Average:The Field Director gave me useful and professional suggestions.	Average:I feel safe in my home.	Average:I feel safe in my community.	Average:I feel integrated into my community, increasing my sense of safety.	Average:I feel welcome as a foreigner in my community.	Average:I have friends, host family members, colleagues, or community members who would help protect me in an emergency situation.	Average:The coverage of health and safety issues at Orientation was sufficient.	Average:I have an understanding of what to do in various emergency situations, as laid out in the Emergency Action Plan.	Average:I always inform the Field Director of my travel plans when I go off-site.	Average:I generally feel safe in my country.	Average:Average:I would describe myself as:Resourceful	Average:Average:I would describe myself as:Patient	Average:Average:I would describe myself as:Culturally Competent	Average:Average:I would describe myself as:Adaptable	Average:Average:I would describe myself as:Emotionally Intelligent	Average:Average:I would describe myself as:Resilient	Average:Average:Professional Learning Communities (PLCs) are useful to me	Average:Average:The Five Step Lesson Plan Template is useful to me	Average:Average:The Data Analysis Tool is useful to me	Average:Average:The Professional Development Modules (Scholarly Articles) are useful to me	Average:Average:WorldTeachNet is useful to me	Average:Average:The Teacher Quality Coordinator is useful to me	Average:Average:The Director of Education Office Hours are useful to me	Average:Average:I am satisfied in the Educational Support I have access to from WorldTeach	Average:Average:The staff member:Is accessible and eager to help.	Average:Average:The staff member:Responds promptly to requests for help.	Average:Average:The staff member:Anticipates needs of volunteers.	Average:Average:The staff member:Follows through on administrative, site, or housing issues.	Average:Average:The staff member:Keeps volunteers informed of changes and relevant information.	Average:Average:Has the Field Director conducted a site visit with you yet?
0	Marshall Islands	2017.0	2	-1	2	2	2	1	1.0	0	0.0	-1.0	-1.0	-1.0	-1.0	1.0	2.0	2.0	2.0	2.0	2.0	1	2.0	2.0	2.0	1	1	1	1	1	1	1	1.0	1.0	1.55555555556	1.11111111111	1.0	1.55555555556	1.22222222222	1.22222222222	0.0	0.444444444444	-0.111111111111	-0.222222222222	-0.444444444444	-0.222222222222	-0.333333333333	0.222222222222	0.666666666667	0.666666666667	0.111111111111	0.666666666667	0.555555555556	0.777777777778	0.666666666667	1.11111111111	1.11111111111	1.0	0.777777777778	0.555555555556	1.0	1.0	0.777777777778	0.555555555556	1.0	0.777777777778	1.55555555556	1.11111111111	1.0	1.55555555556	1.22222222222	1.22222222222	0.0	0.444444444444	-0.111111111111	-0.222222222222	-0.444444444444	-0.222222222222	-0.333333333333	0.222222222222	0.666666666667	0.666666666667	0.111111111111	0.666666666667	0.555555555556	0.777777777778
1	Marshall Islands	2017.0	2	2	2	2	2	2	0.0	0	0.0	0.0	0.0	0.0	0.0	0.0	2.0	2.0	2.0	2.0	2.0	1	2.0	2.0	2.0	1	1	1	1	1	1	1	1.0	1.0	1.55555555556	1.11111111111	1.0	1.55555555556	1.22222222222	1.22222222222	0.0	0.444444444444	-0.111111111111	-0.222222222222	-0.444444444444	-0.222222222222	-0.333333333333	0.222222222222	0.666666666667	0.666666666667	0.111111111111	0.666666666667	0.555555555556	0.777777777778	0.666666666667	1.11111111111	1.11111111111	1.0	0.777777777778	0.555555555556	1.0	1.0	0.777777777778	0.555555555556	1.0	0.777777777778	1.55555555556	1.11111111111	1.0	1.55555555556	1.22222222222	1.22222222222	0.0	0.444444444444	-0.111111111111	-0.222222222222	-0.444444444444	-0.222222222222	-0.333333333333	0.222222222222	0.666666666667	0.666666666667	0.111111111111	0.666666666667	0.555555555556	0.777777777778
2	Marshall Islands	2017.0	1	2	1	2	1	1	0.0	0	0.0	0.0	-1.0	0.0	-1.0	-1.0	0.0	0.0	-1.0	0.0	-1.0	1	0.0	1.0	0.0	1	1	1	1	1	-1	1	1.0	1.0	1.55555555556	1.11111111111	1.0	1.55555555556	1.22222222222	1.22222222222	0.0	0.444444444444	-0.111111111111	-0.222222222222	-0.444444444444	-0.222222222222	-0.333333333333	0.222222222222	0.666666666667	0.666666666667	0.111111111111	0.666666666667	0.555555555556	0.777777777778	0.666666666667	1.11111111111	1.11111111111	1.0	0.777777777778	0.555555555556	1.0	1.0	0.777777777778	0.555555555556	1.0	0.777777777778	1.55555555556	1.11111111111	1.0	1.55555555556	1.22222222222	1.22222222222	0.0	0.444444444444	-0.111111111111	-0.222222222222	-0.444444444444	-0.222222222222	-0.333333333333	0.222222222222	0.666666666667	0.666666666667	0.111111111111	0.666666666667	0.555555555556	0.777777777778
3	Ecuador	2017.0	2	1	1	1	2	1	1.0	-1	-1.0	1.0	0.0	0.0	0.0	-1.0	2.0	2.0	1.0	1.0	1.0	1	2.0	2.0	1.0	1	1	-1	-1	1	1	-1	1.0	1.0	1.39215686275	1.27450980392	1.29411764706	1.39215686275	1.39215686275	1.33333333333	0.0196078431373	0.274509803922	-0.450980392157	0.0980392156863	0.156862745098	-0.078431372549	0.078431372549	0.254901960784	1.27450980392	1.29411764706	0.725490196078	1.19607843137	1.27450980392	-0.117647058824	0.56862745098	0.764705882353	0.647058823529	0.921568627451	0.764705882353	0.56862745098	0.686274509804	0.921568627451	0.607843137255	0.803921568627	0.882352941176	0.901960784314	1.39215686275	1.27450980392	1.29411764706	1.39215686275	1.39215686275	1.33333333333	0.0196078431373	0.274509803922	-0.450980392157	0.0980392156863	0.156862745098	-0.078431372549	0.078431372549	0.254901960784	1.27450980392	1.29411764706	0.725490196078	1.19607843137	1.27450980392	-0.117647058824
6	Ecuador	2017.0	1	1	1	1	1	1	0.0	0	0.0	0.0	0.0	0.0	0.0	0.0	2.0	2.0	1.0	1.0	1.0	1	1.0	2.0	1.0	1	1	1	1	1	1	1	1.0	1.0	1.39215686275	1.27450980392	1.29411764706	1.39215686275	1.39215686275	1.33333333333	0.0196078431373	0.274509803922	-0.450980392157	0.0980392156863	0.156862745098	-0.078431372549	0.078431372549	0.254901960784	1.27450980392	1.29411764706	0.725490196078	1.19607843137	1.27450980392	-0.117647058824	0.56862745098	0.764705882353	0.647058823529	0.921568627451	0.764705882353	0.56862745098	0.686274509804	0.921568627451	0.607843137255	0.803921568627	0.882352941176	0.901960784314	1.39215686275	1.27450980392	1.29411764706	1.39215686275	1.39215686275	1.33333333333	0.0196078431373	0.274509803922	-0.450980392157	0.0980392156863	0.156862745098	-0.078431372549	0.078431372549	0.254901960784	1.27450980392	1.29411764706	0.725490196078	1.19607843137	1.27450980392	-0.117647058824
8	Ecuador	2017.0	2	2	1	2	2	2	1.0	-1	-1.0	1.0	0.0	0.0	0.0	1.0	2.0	1.0	1.0	1.0	1.0	1	2.0	2.0	2.0	1	1	1	1	1	1	1	1.0	1.0	1.39215686275	1.27450980392	1.29411764706	1.39215686275	1.39215686275	1.33333333333	0.0196078431373	0.274509803922	-0.450980392157	0.0980392156863	0.156862745098	-0.078431372549	0.078431372549	0.254901960784	1.27450980392	1.29411764706	0.725490196078	1.19607843137	1.27450980392	-0.117647058824	0.56862745098	0.764705882353	0.647058823529	0.921568627451	0.764705882353	0.56862745098	0.686274509804	0.921568627451	0.607843137255	0.803921568627	0.882352941176	0.901960784314	1.39215686275	1.27450980392	1.29411764706	1.39215686275	1.39215686275	1.33333333333	0.0196078431373	0.274509803922	-0.450980392157	0.0980392156863	0.156862745098	-0.078431372549	0.078431372549	0.254901960784	1.27450980392	1.29411764706	0.725490196078	1.19607843137	1.27450980392	-0.117647058824
9	Ecuador	2017.0	1	1	1	1	1	1	-1.0	0	-1.0	-1.0	0.0	0.0	0.0	0.0	1.0	1.0	0.0	1.0	0.0	-1	0.0	0.0	0.0	1	1	1	1	1	-1	-1	1.0	1.0	1.39215686275	1.27450980392	1.29411764706	1.39215686275	1.39215686275	1.33333333333	0.0196078431373	0.274509803922	-0.450980392157	0.0980392156863	0.156862745098	-0.078431372549	0.078431372549	0.254901960784	1.27450980392	1.29411764706	0.725490196078	1.19607843137	1.27450980392	-0.117647058824	0.56862745098	0.764705882353	0.647058823529	0.921568627451	0.764705882353	0.56862745098	0.686274509804	0.921568627451	0.607843137255	0.803921568627	0.882352941176	0.901960784314	1.39215686275	1.27450980392	1.29411764706	1.39215686275	1.39215686275	1.33333333333	0.0196078431373	0.274509803922	-0.450980392157	0.0980392156863	0.156862745098	-0.078431372549	0.078431372549	0.254901960784	1.27450980392	1.29411764706	0.725490196078	1.19607843137	1.27450980392	-0.117647058824
10	Ecuador	2017.0	1	1	1	2	2	2	-1.0	1	-1.0	-1.0	-1.0	-1.0	-1.0	0.0	2.0	2.0	1.0	2.0	1.0	1	2.0	2.0	2.0	1	1	-1	-1	1	-1	-1	1.0	1.0	1.39215686275	1.27450980392	1.29411764706	1.39215686275	1.39215686275	1.33333333333	0.0196078431373	0.274509803922	-0.450980392157	0.0980392156863	0.156862745098	-0.078431372549	0.078431372549	0.254901960784	1.27450980392	1.29411764706	0.725490196078	1.19607843137	1.27450980392	-0.117647058824	0.56862745098	0.764705882353	0.647058823529	0.921568627451	0.764705882353	0.56862745098	0.686274509804	0.921568627451	0.607843137255	0.803921568627	0.882352941176	0.901960784314	1.39215686275	1.27450980392	1.29411764706	1.39215686275	1.39215686275	1.33333333333	0.0196078431373	0.274509803922	-0.450980392157	0.0980392156863	0.156862745098	-0.078431372549	0.078431372549	0.254901960784	1.27450980392	1.29411764706	0.725490196078	1.19607843137	1.27450980392	-0.117647058824
11	Ecuador	2017.0	1	1	1	1	1	1	-1.0	-1	0.0	0.0	0.0	0.0	0.0	0.0	1.0	1.0	1.0	0.0	1.0	1	1.0	1.0	1.0	1	1	1	1	1	1	1	1.0	1.0	1.39215686275	1.27450980392	1.29411764706	1.39215686275	1.39215686275	1.33333333333	0.0196078431373	0.274509803922	-0.450980392157	0.0980392156863	0.156862745098	-0.078431372549	0.078431372549	0.254901960784	1.27450980392	1.29411764706	0.725490196078	1.19607843137	1.27450980392	-0.117647058824	0.56862745098	0.764705882353	0.647058823529	0.921568627451	0.764705882353	0.56862745098	0.686274509804	0.921568627451	0.607843137255	0.803921568627	0.882352941176	0.901960784314	1.39215686275	1.27450980392	1.29411764706	1.39215686275	1.39215686275	1.33333333333	0.0196078431373	0.274509803922	-0.450980392157	0.0980392156863	0.156862745098	-0.078431372549	0.078431372549	0.254901960784	1.27450980392	1.29411764706	0.725490196078	1.19607843137	1.27450980392	-0.117647058824
12	Ecuador	2017.0	1	1	2	2	2	1	-1.0	1	0.0	0.0	0.0	1.0	1.0	1.0	2.0	2.0	1.0	0.0	2.0	1	1.0	2.0	2.0	1	1	1	1	1	1	1	-1.0	1.0	1.39215686275	1.27450980392	1.29411764706	1.39215686275	1.39215686275	1.33333333333	0.0196078431373	0.274509803922	-0.450980392157	0.0980392156863	0.156862745098	-0.078431372549	0.078431372549	0.254901960784	1.27450980392	1.29411764706	0.725490196078	1.19607843137	1.27450980392	-0.117647058824	0.56862745098	0.764705882353	0.647058823529	0.921568627451	0.764705882353	0.56862745098	0.686274509804	0.921568627451	0.607843137255	0.803921568627	0.882352941176	0.901960784314	1.39215686275	1.27450980392	1.29411764706	1.39215686275	1.39215686275	1.33333333333	0.0196078431373	0.274509803922	-0.450980392157	0.0980392156863	0.156862745098	-0.078431372549	0.078431372549	0.254901960784	1.27450980392	1.29411764706	0.725490196078	1.19607843137	1.27450980392	-0.117647058824
14	Ecuador	2017.0	1	2	2	2	1	1	0.0	-1	0.0	0.0	0.0	0.0	0.0	1.0	2.0	2.0	1.0	2.0	2.0	1	0.0	1.0	2.0	1	-1	1	1	1	1	1	1.0	-1.0	1.39215686275	1.27450980392	1.29411764706	1.39215686275	1.39215686275	1.33333333333	0.0196078431373	0.274509803922	-0.450980392157	0.0980392156863	0.156862745098	-0.078431372549	0.078431372549	0.254901960784	1.27450980392	1.29411764706	0.725490196078	1.19607843137	1.27450980392	-0.117647058824	0.56862745098	0.764705882353	0.647058823529	0.921568627451	0.764705882353	0.56862745098	0.686274509804	0.921568627451	0.607843137255	0.803921568627	0.882352941176	0.901960784314	1.39215686275	1.27450980392	1.29411764706	1.39215686275	1.39215686275	1.33333333333	0.0196078431373	0.274509803922	-0.450980392157	0.0980392156863	0.156862745098	-0.078431372549	0.078431372549	0.254901960784	1.27450980392	1.29411764706	0.725490196078	1.19607843137	1.27450980392	-0.117647058824
15	Ecuador	2017.0	1	1	1	1	1	1	0.0	1	0.0	-1.0	0.0	0.0	0.0	0.0	1.0	1.0	0.0	1.0	2.0	1	0.0	1.0	0.0	1	1	-1	1	-1	1	1	1.0	1.0	1.39215686275	1.27450980392	1.29411764706	1.39215686275	1.39215686275	1.33333333333	0.0196078431373	0.274509803922	-0.450980392157	0.0980392156863	0.156862745098	-0.078431372549	0.078431372549	0.254901960784	1.27450980392	1.29411764706	0.725490196078	1.19607843137	1.27450980392	-0.117647058824	0.56862745098	0.764705882353	0.647058823529	0.921568627451	0.764705882353	0.56862745098	0.686274509804	0.921568627451	0.607843137255	0.803921568627	0.882352941176	0.901960784314	1.39215686275	1.27450980392	1.29411764706	1.39215686275	1.39215686275	1.33333333333	0.0196078431373	0.274509803922	-0.450980392157	0.0980392156863	0.156862745098	-0.078431372549	0.078431372549	0.254901960784	1.27450980392	1.29411764706	0.725490196078	1.19607843137	1.27450980392	-0.117647058824
16	Ecuador	2017.0	2	1	1	2	2	2	0.0	1	0.0	0.0	0.0	0.0	0.0	0.0	1.0	1.0	1.0	1.0	1.0	1	1.0	0.0	1.0	1	1	1	1	1	1	1	1.0	1.0	1.39215686275	1.27450980392	1.29411764706	1.39215686275	1.39215686275	1.33333333333	0.0196078431373	0.274509803922	-0.450980392157	0.0980392156863	0.156862745098	-0.078431372549	0.078431372549	0.254901960784	1.27450980392	1.29411764706	0.725490196078	1.19607843137	1.27450980392	-0.117647058824	0.56862745098	0.764705882353	0.647058823529	0.921568627451	0.764705882353	0.56862745098	0.686274509804	0.921568627451	0.607843137255	0.803921568627	0.882352941176	0.901960784314	1.39215686275	1.27450980392	1.29411764706	1.39215686275	1.39215686275	1.33333333333	0.0196078431373	0.274509803922	-0.450980392157	0.0980392156863	0.156862745098	-0.078431372549	0.078431372549	0.254901960784	1.27450980392	1.29411764706	0.725490196078	1.19607843137	1.27450980392	-0.117647058824
17	Ecuador	2017.0	1	1	2	2	2	1	0.0	1	0.0	-1.0	0.0	1.0	1.0	1.0	2.0	2.0	1.0	2.0	2.0	1	2.0	2.0	2.0	1	-1	-1	-1	1	1	1	1.0	1.0	1.39215686275	1.27450980392	1.29411764706	1.39215686275	1.39215686275	1.33333333333	0.0196078431373	0.274509803922	-0.450980392157	0.0980392156863	0.156862745098	-0.078431372549	0.078431372549	0.254901960784	1.27450980392	1.29411764706	0.725490196078	1.19607843137	1.27450980392	-0.117647058824	0.56862745098	0.764705882353	0.647058823529	0.921568627451	0.764705882353	0.56862745098	0.686274509804	0.921568627451	0.607843137255	0.803921568627	0.882352941176	0.901960784314	1.39215686275	1.27450980392	1.29411764706	1.39215686275	1.39215686275	1.33333333333	0.0196078431373	0.274509803922	-0.450980392157	0.0980392156863	0.156862745098	-0.078431372549	0.078431372549	0.254901960784	1.27450980392	1.29411764706	0.725490196078	1.19607843137	1.27450980392	-0.117647058824
18	Ecuador	2017.0	1	2	1	1	1	1	1.0	1	0.0	0.0	1.0	1.0	0.0	1.0	2.0	2.0	2.0	2.0	2.0	1	2.0	2.0	2.0	1	1	1	1	1	1	1	1.0	1.0	1.39215686275	1.27450980392	1.29411764706	1.39215686275	1.39215686275	1.33333333333	0.0196078431373	0.274509803922	-0.450980392157	0.0980392156863	0.156862745098	-0.078431372549	0.078431372549	0.254901960784	1.27450980392	1.29411764706	0.725490196078	1.19607843137	1.27450980392	-0.117647058824	0.56862745098	0.764705882353	0.647058823529	0.921568627451	0.764705882353	0.56862745098	0.686274509804	0.921568627451	0.607843137255	0.803921568627	0.882352941176	0.901960784314	1.39215686275	1.27450980392	1.29411764706	1.39215686275	1.39215686275	1.33333333333	0.0196078431373	0.274509803922	-0.450980392157	0.0980392156863	0.156862745098	-0.078431372549	0.078431372549	0.254901960784	1.27450980392	1.29411764706	0.725490196078	1.19607843137	1.27450980392	-0.117647058824
21	Ecuador	2017.0	2	1	2	2	2	2	1.0	1	0.0	0.0	1.0	1.0	0.0	0.0	2.0	2.0	1.0	0.0	2.0	1	1.0	2.0	2.0	1	1	1	1	1	1	-1	1.0	1.0	1.39215686275	1.27450980392	1.29411764706	1.39215686275	1.39215686275	1.33333333333	0.0196078431373	0.274509803922	-0.450980392157	0.0980392156863	0.156862745098	-0.078431372549	0.078431372549	0.254901960784	1.27450980392	1.29411764706	0.725490196078	1.19607843137	1.27450980392	-0.117647058824	0.56862745098	0.764705882353	0.647058823529	0.921568627451	0.764705882353	0.56862745098	0.686274509804	0.921568627451	0.607843137255	0.803921568627	0.882352941176	0.901960784314	1.39215686275	1.27450980392	1.29411764706	1.39215686275	1.39215686275	1.33333333333	0.0196078431373	0.274509803922	-0.450980392157	0.0980392156863	0.156862745098	-0.078431372549	0.078431372549	0.254901960784	1.27450980392	1.29411764706	0.725490196078	1.19607843137	1.27450980392	-0.117647058824
22	Ecuador	2017.0	1	1	1	1	1	1	1.0	1	0.0	0.0	0.0	0.0	0.0	0.0	1.0	1.0	1.0	1.0	1.0	1	2.0	2.0	2.0	1	1	1	1	1	1	1	1.0	1.0	1.39215686275	1.27450980392	1.29411764706	1.39215686275	1.39215686275	1.33333333333	0.0196078431373	0.274509803922	-0.450980392157	0.0980392156863	0.156862745098	-0.078431372549	0.078431372549	0.254901960784	1.27450980392	1.29411764706	0.725490196078	1.19607843137	1.27450980392	-0.117647058824	0.56862745098	0.764705882353	0.647058823529	0.921568627451	0.764705882353	0.56862745098	0.686274509804	0.921568627451	0.607843137255	0.803921568627	0.882352941176	0.901960784314	1.39215686275	1.27450980392	1.29411764706	1.39215686275	1.39215686275	1.33333333333	0.0196078431373	0.274509803922	-0.450980392157	0.0980392156863	0.156862745098	-0.078431372549	0.078431372549	0.254901960784	1.27450980392	1.29411764706	0.725490196078	1.19607843137	1.27450980392	-0.117647058824
23	American Samoa	2016.0	2	1	2	1	1	2	0.0	-1	0.0	0.0	0.0	0.0	0.0	1.0	2.0	2.0	1.0	2.0	2.0	1	0.0	2.0	0.0	1	1	1	1	1	1	1	1.0	1.0	1.33333333333	1.4	1.33333333333	1.4	1.4	1.4	0.0	0.0666666666667	-0.0666666666667	-0.2	-0.333333333333	-0.133333333333	-0.2	0.466666666667	1.13333333333	1.13333333333	1.06666666667	1.2	1.26666666667	0.6	0.866666666667	1.2	1.06666666667	1.0	0.866666666667	0.6	0.6	1.0	1.0	1.0	1.0	1.0	1.33333333333	1.4	1.33333333333	1.4	1.4	1.4	0.0	0.0666666666667	-0.0666666666667	-0.2	-0.333333333333	-0.133333333333	-0.2	0.466666666667	1.13333333333	1.13333333333	1.06666666667	1.2	1.26666666667	0.6
25	China	2017.0	2	1	1	2	2	2	1.0	0	-1.0	0.0	0.0	0.0	0.0	1.0	1.0	1.0	0.0	0.0	1.0	1	1.0	1.0	0.0	1	1	1	1	1	1	1	1.0	1.0	1.45	1.0	1.35	1.6	0.85	1.35	0.5	0.6	-0.25	0.25	0.0	0.05	0.0	0.55	1.15	1.35	0.9	1.05	1.3	1.0	0.85	1.05	0.85	1.0	1.0	0.3	1.0	1.0	0.6	0.7	0.8	1.0	1.45	1.0	1.35	1.6	0.85	1.35	0.5	0.6	-0.25	0.25	0.0	0.05	0.0	0.55	1.15	1.35	0.9	1.05	1.3	1.0
26	Marshall Islands	2017.0	2	2	1	2	2	1	-1.0	1	0.0	0.0	0.0	0.0	1.0	1.0	0.0	1.0	1.0	1.0	1.0	1	0.0	1.0	1.0	1	1	-1	1	1	1	1	1.0	1.0	1.55555555556	1.11111111111	1.0	1.55555555556	1.22222222222	1.22222222222	0.0	0.444444444444	-0.111111111111	-0.222222222222	-0.444444444444	-0.222222222222	-0.333333333333	0.222222222222	0.666666666667	0.666666666667	0.111111111111	0.666666666667	0.555555555556	0.777777777778	0.666666666667	1.11111111111	1.11111111111	1.0	0.777777777778	0.555555555556	1.0	1.0	0.777777777778	0.555555555556	1.0	0.777777777778	1.55555555556	1.11111111111	1.0	1.55555555556	1.22222222222	1.22222222222	0.0	0.444444444444	-0.111111111111	-0.222222222222	-0.444444444444	-0.222222222222	-0.333333333333	0.222222222222	0.666666666667	0.666666666667	0.111111111111	0.666666666667	0.555555555556	0.777777777778
27	Marshall Islands	2017.0	2	2	1	1	1	1	1.0	1	1.0	1.0	0.0	1.0	0.0	1.0	2.0	1.0	0.0	1.0	1.0	1	1.0	2.0	2.0	1	1	1	1	1	1	1	1.0	1.0	1.55555555556	1.11111111111	1.0	1.55555555556	1.22222222222	1.22222222222	0.0	0.444444444444	-0.111111111111	-0.222222222222	-0.444444444444	-0.222222222222	-0.333333333333	0.222222222222	0.666666666667	0.666666666667	0.111111111111	0.666666666667	0.555555555556	0.777777777778	0.666666666667	1.11111111111	1.11111111111	1.0	0.777777777778	0.555555555556	1.0	1.0	0.777777777778	0.555555555556	1.0	0.777777777778	1.55555555556	1.11111111111	1.0	1.55555555556	1.22222222222	1.22222222222	0.0	0.444444444444	-0.111111111111	-0.222222222222	-0.444444444444	-0.222222222222	-0.333333333333	0.222222222222	0.666666666667	0.666666666667	0.111111111111	0.666666666667	0.555555555556	0.777777777778
29	China	2017.0	1	1	1	1	1	2	1.0	1	0.0	0.0	0.0	0.0	0.0	1.0	1.0	2.0	1.0	1.0	2.0	1	1.0	1.0	1.0	1	1	1	1	1	-1	-1	1.0	1.0	1.45	1.0	1.35	1.6	0.85	1.35	0.5	0.6	-0.25	0.25	0.0	0.05	0.0	0.55	1.15	1.35	0.9	1.05	1.3	1.0	0.85	1.05	0.85	1.0	1.0	0.3	1.0	1.0	0.6	0.7	0.8	1.0	1.45	1.0	1.35	1.6	0.85	1.35	0.5	0.6	-0.25	0.25	0.0	0.05	0.0	0.55	1.15	1.35	0.9	1.05	1.3	1.0
30	American Samoa	2017.0	1	2	2	2	1	1	1.0	0	0.0	0.0	0.0	1.0	-1.0	1.0	2.0	2.0	2.0	2.0	2.0	1	2.0	2.0	2.0	1	1	-1	-1	1	1	1	1.0	1.0	1.33333333333	1.4	1.33333333333	1.4	1.4	1.4	0.0	0.0666666666667	-0.0666666666667	-0.2	-0.333333333333	-0.133333333333	-0.2	0.466666666667	1.13333333333	1.13333333333	1.06666666667	1.2	1.26666666667	0.6	0.866666666667	1.2	1.06666666667	1.0	0.866666666667	0.6	0.6	1.0	1.0	1.0	1.0	1.0	1.33333333333	1.4	1.33333333333	1.4	1.4	1.4	0.0	0.0666666666667	-0.0666666666667	-0.2	-0.333333333333	-0.133333333333	-0.2	0.466666666667	1.13333333333	1.13333333333	1.06666666667	1.2	1.26666666667	0.6
31	China	2017.0	2	2	2	2	2	2	1.0	0	0.0	0.0	0.0	0.0	0.0	1.0	-2.0	-2.0	-2.0	-2.0	-2.0	1	1.0	2.0	1.0	1	1	1	1	1	1	1	1.0	1.0	1.45	1.0	1.35	1.6	0.85	1.35	0.5	0.6	-0.25	0.25	0.0	0.05	0.0	0.55	1.15	1.35	0.9	1.05	1.3	1.0	0.85	1.05	0.85	1.0	1.0	0.3	1.0	1.0	0.6	0.7	0.8	1.0	1.45	1.0	1.35	1.6	0.85	1.35	0.5	0.6	-0.25	0.25	0.0	0.05	0.0	0.55	1.15	1.35	0.9	1.05	1.3	1.0
33	China	2017.0	2	2	2	1	1	1	-1.0	1	0.0	1.0	0.0	0.0	0.0	1.0	2.0	1.0	1.0	2.0	2.0	1	1.0	1.0	1.0	1	1	1	1	1	1	1	1.0	1.0	1.45	1.0	1.35	1.6	0.85	1.35	0.5	0.6	-0.25	0.25	0.0	0.05	0.0	0.55	1.15	1.35	0.9	1.05	1.3	1.0	0.85	1.05	0.85	1.0	1.0	0.3	1.0	1.0	0.6	0.7	0.8	1.0	1.45	1.0	1.35	1.6	0.85	1.35	0.5	0.6	-0.25	0.25	0.0	0.05	0.0	0.55	1.15	1.35	0.9	1.05	1.3	1.0
34	American Samoa	2017.0	1	1	1	1	1	1	0.0	1	0.0	0.0	0.0	1.0	1.0	1.0	0.0	1.0	1.0	0.0	1.0	1	1.0	1.0	1.0	1	1	1	1	1	1	1	1.0	1.0	1.33333333333	1.4	1.33333333333	1.4	1.4	1.4	0.0	0.0666666666667	-0.0666666666667	-0.2	-0.333333333333	-0.133333333333	-0.2	0.466666666667	1.13333333333	1.13333333333	1.06666666667	1.2	1.26666666667	0.6	0.866666666667	1.2	1.06666666667	1.0	0.866666666667	0.6	0.6	1.0	1.0	1.0	1.0	1.0	1.33333333333	1.4	1.33333333333	1.4	1.4	1.4	0.0	0.0666666666667	-0.0666666666667	-0.2	-0.333333333333	-0.133333333333	-0.2	0.466666666667	1.13333333333	1.13333333333	1.06666666667	1.2	1.26666666667	0.6
35	American Samoa	2017.0	1	1	1	1	1	1	0.0	0	1.0	1.0	-1.0	0.0	-1.0	1.0	1.0	1.0	1.0	1.0	1.0	1	2.0	2.0	2.0	1	-1	1	1	1	1	1	1.0	1.0	1.33333333333	1.4	1.33333333333	1.4	1.4	1.4	0.0	0.0666666666667	-0.0666666666667	-0.2	-0.333333333333	-0.133333333333	-0.2	0.466666666667	1.13333333333	1.13333333333	1.06666666667	1.2	1.26666666667	0.6	0.866666666667	1.2	1.06666666667	1.0	0.866666666667	0.6	0.6	1.0	1.0	1.0	1.0	1.0	1.33333333333	1.4	1.33333333333	1.4	1.4	1.4	0.0	0.0666666666667	-0.0666666666667	-0.2	-0.333333333333	-0.133333333333	-0.2	0.466666666667	1.13333333333	1.13333333333	1.06666666667	1.2	1.26666666667	0.6
36	American Samoa	2017.0	2	2	2	2	2	2	0.0	1	0.0	0.0	0.0	0.0	0.0	1.0	2.0	2.0	2.0	2.0	2.0	1	1.0	2.0	1.0	1	1	-1	1	1	1	1	1.0	1.0	1.33333333333	1.4	1.33333333333	1.4	1.4	1.4	0.0	0.0666666666667	-0.0666666666667	-0.2	-0.333333333333	-0.133333333333	-0.2	0.466666666667	1.13333333333	1.13333333333	1.06666666667	1.2	1.26666666667	0.6	0.866666666667	1.2	1.06666666667	1.0	0.866666666667	0.6	0.6	1.0	1.0	1.0	1.0	1.0	1.33333333333	1.4	1.33333333333	1.4	1.4	1.4	0.0	0.0666666666667	-0.0666666666667	-0.2	-0.333333333333	-0.133333333333	-0.2	0.466666666667	1.13333333333	1.13333333333	1.06666666667	1.2	1.26666666667	0.6
39	China	2017.0	1	1	1	1	1	1	0.0	1	0.0	1.0	1.0	0.0	0.0	0.0	1.0	1.0	1.0	1.0	1.0	1	-1.0	-1.0	-1.0	1	1	1	1	1	1	1	1.0	1.0	1.45	1.0	1.35	1.6	0.85	1.35	0.5	0.6	-0.25	0.25	0.0	0.05	0.0	0.55	1.15	1.35	0.9	1.05	1.3	1.0	0.85	1.05	0.85	1.0	1.0	0.3	1.0	1.0	0.6	0.7	0.8	1.0	1.45	1.0	1.35	1.6	0.85	1.35	0.5	0.6	-0.25	0.25	0.0	0.05	0.0	0.55	1.15	1.35	0.9	1.05	1.3	1.0
40	China	2017.0	2	1	1	2	1	1	-1.0	0	0.0	0.0	0.0	0.0	0.0	-1.0	1.0	1.0	0.0	1.0	0.0	1	0.0	1.0	0.0	1	1	-1	1	1	-1	-1	1.0	1.0	1.45	1.0	1.35	1.6	0.85	1.35	0.5	0.6	-0.25	0.25	0.0	0.05	0.0	0.55	1.15	1.35	0.9	1.05	1.3	1.0	0.85	1.05	0.85	1.0	1.0	0.3	1.0	1.0	0.6	0.7	0.8	1.0	1.45	1.0	1.35	1.6	0.85	1.35	0.5	0.6	-0.25	0.25	0.0	0.05	0.0	0.55	1.15	1.35	0.9	1.05	1.3	1.0
41	American Samoa	2017.0	1	1	1	1	1	1	1.0	1	0.0	0.0	0.0	0.0	0.0	1.0	2.0	1.0	1.0	1.0	1.0	1	1.0	1.0	2.0	1	1	1	1	1	1	1	1.0	1.0	1.33333333333	1.4	1.33333333333	1.4	1.4	1.4	0.0	0.0666666666667	-0.0666666666667	-0.2	-0.333333333333	-0.133333333333	-0.2	0.466666666667	1.13333333333	1.13333333333	1.06666666667	1.2	1.26666666667	0.6	0.866666666667	1.2	1.06666666667	1.0	0.866666666667	0.6	0.6	1.0	1.0	1.0	1.0	1.0	1.33333333333	1.4	1.33333333333	1.4	1.4	1.4	0.0	0.0666666666667	-0.0666666666667	-0.2	-0.333333333333	-0.133333333333	-0.2	0.466666666667	1.13333333333	1.13333333333	1.06666666667	1.2	1.26666666667	0.6
43	China	2017.0	1	1	1	1	1	1	1.0	1	0.0	0.0	0.0	0.0	0.0	1.0	2.0	2.0	2.0	2.0	2.0	1	2.0	2.0	2.0	1	1	-1	1	1	1	1	1.0	1.0	1.45	1.0	1.35	1.6	0.85	1.35	0.5	0.6	-0.25	0.25	0.0	0.05	0.0	0.55	1.15	1.35	0.9	1.05	1.3	1.0	0.85	1.05	0.85	1.0	1.0	0.3	1.0	1.0	0.6	0.7	0.8	1.0	1.45	1.0	1.35	1.6	0.85	1.35	0.5	0.6	-0.25	0.25	0.0	0.05	0.0	0.55	1.15	1.35	0.9	1.05	1.3	1.0
44	China	2017.0	1	1	1	2	1	2	-1.0	-1	0.0	0.0	0.0	0.0	0.0	-1.0	1.0	1.0	1.0	1.0	0.0	1	0.0	0.0	-1.0	1	1	-1	1	1	1	1	1.0	1.0	1.45	1.0	1.35	1.6	0.85	1.35	0.5	0.6	-0.25	0.25	0.0	0.05	0.0	0.55	1.15	1.35	0.9	1.05	1.3	1.0	0.85	1.05	0.85	1.0	1.0	0.3	1.0	1.0	0.6	0.7	0.8	1.0	1.45	1.0	1.35	1.6	0.85	1.35	0.5	0.6	-0.25	0.25	0.0	0.05	0.0	0.55	1.15	1.35	0.9	1.05	1.3	1.0
45	Marshall Islands	2017.0	1	-1	-1	2	-1	1	0.0	0	0.0	0.0	0.0	0.0	0.0	0.0	-1.0	-1.0	-2.0	-1.0	-1.0	1	0.0	0.0	1.0	1	-1	-1	1	1	1	1	1.0	-1.0	1.55555555556	1.11111111111	1.0	1.55555555556	1.22222222222	1.22222222222	0.0	0.444444444444	-0.111111111111	-0.222222222222	-0.444444444444	-0.222222222222	-0.333333333333	0.222222222222	0.666666666667	0.666666666667	0.111111111111	0.666666666667	0.555555555556	0.777777777778	0.666666666667	1.11111111111	1.11111111111	1.0	0.777777777778	0.555555555556	1.0	1.0	0.777777777778	0.555555555556	1.0	0.777777777778	1.55555555556	1.11111111111	1.0	1.55555555556	1.22222222222	1.22222222222	0.0	0.444444444444	-0.111111111111	-0.222222222222	-0.444444444444	-0.222222222222	-0.333333333333	0.222222222222	0.666666666667	0.666666666667	0.111111111111	0.666666666667	0.555555555556	0.777777777778
46	Marshall Islands	2017.0	1	1	1	1	1	1	1.0	1	0.0	0.0	-1.0	0.0	0.0	0.0	1.0	1.0	1.0	1.0	1.0	1	1.0	1.0	1.0	1	1	1	1	1	1	1	1.0	1.0	1.55555555556	1.11111111111	1.0	1.55555555556	1.22222222222	1.22222222222	0.0	0.444444444444	-0.111111111111	-0.222222222222	-0.444444444444	-0.222222222222	-0.333333333333	0.222222222222	0.666666666667	0.666666666667	0.111111111111	0.666666666667	0.555555555556	0.777777777778	0.666666666667	1.11111111111	1.11111111111	1.0	0.777777777778	0.555555555556	1.0	1.0	0.777777777778	0.555555555556	1.0	0.777777777778	1.55555555556	1.11111111111	1.0	1.55555555556	1.22222222222	1.22222222222	0.0	0.444444444444	-0.111111111111	-0.222222222222	-0.444444444444	-0.222222222222	-0.333333333333	0.222222222222	0.666666666667	0.666666666667	0.111111111111	0.666666666667	0.555555555556	0.777777777778
48	Ecuador	2017.0	2	2	1	2	2	1	0.0	0	0.0	0.0	0.0	0.0	0.0	0.0	2.0	2.0	2.0	2.0	2.0	-1	0.0	0.0	0.0	1	1	1	1	1	1	1	1.0	1.0	1.39215686275	1.27450980392	1.29411764706	1.39215686275	1.39215686275	1.33333333333	0.0196078431373	0.274509803922	-0.450980392157	0.0980392156863	0.156862745098	-0.078431372549	0.078431372549	0.254901960784	1.27450980392	1.29411764706	0.725490196078	1.19607843137	1.27450980392	-0.117647058824	0.56862745098	0.764705882353	0.647058823529	0.921568627451	0.764705882353	0.56862745098	0.686274509804	0.921568627451	0.607843137255	0.803921568627	0.882352941176	0.901960784314	1.39215686275	1.27450980392	1.29411764706	1.39215686275	1.39215686275	1.33333333333	0.0196078431373	0.274509803922	-0.450980392157	0.0980392156863	0.156862745098	-0.078431372549	0.078431372549	0.254901960784	1.27450980392	1.29411764706	0.725490196078	1.19607843137	1.27450980392	-0.117647058824
49	Ecuador	2017.0	1	1	1	1	1	2	-1.0	0	0.0	0.0	0.0	0.0	0.0	1.0	2.0	2.0	2.0	2.0	2.0	-1	0.0	0.0	0.0	1	1	-1	1	1	1	1	1.0	1.0	1.39215686275	1.27450980392	1.29411764706	1.39215686275	1.39215686275	1.33333333333	0.0196078431373	0.274509803922	-0.450980392157	0.0980392156863	0.156862745098	-0.078431372549	0.078431372549	0.254901960784	1.27450980392	1.29411764706	0.725490196078	1.19607843137	1.27450980392	-0.117647058824	0.56862745098	0.764705882353	0.647058823529	0.921568627451	0.764705882353	0.56862745098	0.686274509804	0.921568627451	0.607843137255	0.803921568627	0.882352941176	0.901960784314	1.39215686275	1.27450980392	1.29411764706	1.39215686275	1.39215686275	1.33333333333	0.0196078431373	0.274509803922	-0.450980392157	0.0980392156863	0.156862745098	-0.078431372549	0.078431372549	0.254901960784	1.27450980392	1.29411764706	0.725490196078	1.19607843137	1.27450980392	-0.117647058824
50	Ecuador	2017.0	2	1	2	1	1	1	0.0	1	0.0	0.0	0.0	0.0	0.0	0.0	1.0	1.0	0.0	1.0	0.0	-1	0.0	0.0	0.0	1	-1	1	1	1	1	1	1.0	1.0	1.39215686275	1.27450980392	1.29411764706	1.39215686275	1.39215686275	1.33333333333	0.0196078431373	0.274509803922	-0.450980392157	0.0980392156863	0.156862745098	-0.078431372549	0.078431372549	0.254901960784	1.27450980392	1.29411764706	0.725490196078	1.19607843137	1.27450980392	-0.117647058824	0.56862745098	0.764705882353	0.647058823529	0.921568627451	0.764705882353	0.56862745098	0.686274509804	0.921568627451	0.607843137255	0.803921568627	0.882352941176	0.901960784314	1.39215686275	1.27450980392	1.29411764706	1.39215686275	1.39215686275	1.33333333333	0.0196078431373	0.274509803922	-0.450980392157	0.0980392156863	0.156862745098	-0.078431372549	0.078431372549	0.254901960784	1.27450980392	1.29411764706	0.725490196078	1.19607843137	1.27450980392	-0.117647058824
51	Ecuador	2017.0	2	1	1	1	2	2	-1.0	1	0.0	-1.0	0.0	1.0	1.0	1.0	1.0	2.0	2.0	2.0	2.0	-1	0.0	0.0	0.0	1	1	1	1	1	1	1	-1.0	1.0	1.39215686275	1.27450980392	1.29411764706	1.39215686275	1.39215686275	1.33333333333	0.0196078431373	0.274509803922	-0.450980392157	0.0980392156863	0.156862745098	-0.078431372549	0.078431372549	0.254901960784	1.27450980392	1.29411764706	0.725490196078	1.19607843137	1.27450980392	-0.117647058824	0.56862745098	0.764705882353	0.647058823529	0.921568627451	0.764705882353	0.56862745098	0.686274509804	0.921568627451	0.607843137255	0.803921568627	0.882352941176	0.901960784314	1.39215686275	1.27450980392	1.29411764706	1.39215686275	1.39215686275	1.33333333333	0.0196078431373	0.274509803922	-0.450980392157	0.0980392156863	0.156862745098	-0.078431372549	0.078431372549	0.254901960784	1.27450980392	1.29411764706	0.725490196078	1.19607843137	1.27450980392	-0.117647058824
52	Ecuador	2017.0	2	2	2	2	1	2	0.0	1	0.0	1.0	0.0	0.0	0.0	1.0	2.0	2.0	1.0	2.0	2.0	-1	0.0	0.0	0.0	1	1	1	1	1	1	1	1.0	1.0	1.39215686275	1.27450980392	1.29411764706	1.39215686275	1.39215686275	1.33333333333	0.0196078431373	0.274509803922	-0.450980392157	0.0980392156863	0.156862745098	-0.078431372549	0.078431372549	0.254901960784	1.27450980392	1.29411764706	0.725490196078	1.19607843137	1.27450980392	-0.117647058824	0.56862745098	0.764705882353	0.647058823529	0.921568627451	0.764705882353	0.56862745098	0.686274509804	0.921568627451	0.607843137255	0.803921568627	0.882352941176	0.901960784314	1.39215686275	1.27450980392	1.29411764706	1.39215686275	1.39215686275	1.33333333333	0.0196078431373	0.274509803922	-0.450980392157	0.0980392156863	0.156862745098	-0.078431372549	0.078431372549	0.254901960784	1.27450980392	1.29411764706	0.725490196078	1.19607843137	1.27450980392	-0.117647058824
53	Ecuador	2017.0	2	1	2	1	1	1	-1.0	0	0.0	0.0	0.0	1.0	1.0	1.0	2.0	2.0	2.0	2.0	2.0	-1	0.0	0.0	0.0	1	1	1	1	1	1	1	1.0	1.0	1.39215686275	1.27450980392	1.29411764706	1.39215686275	1.39215686275	1.33333333333	0.0196078431373	0.274509803922	-0.450980392157	0.0980392156863	0.156862745098	-0.078431372549	0.078431372549	0.254901960784	1.27450980392	1.29411764706	0.725490196078	1.19607843137	1.27450980392	-0.117647058824	0.56862745098	0.764705882353	0.647058823529	0.921568627451	0.764705882353	0.56862745098	0.686274509804	0.921568627451	0.607843137255	0.803921568627	0.882352941176	0.901960784314	1.39215686275	1.27450980392	1.29411764706	1.39215686275	1.39215686275	1.33333333333	0.0196078431373	0.274509803922	-0.450980392157	0.0980392156863	0.156862745098	-0.078431372549	0.078431372549	0.254901960784	1.27450980392	1.29411764706	0.725490196078	1.19607843137	1.27450980392	-0.117647058824
54	Ecuador	2017.0	2	1	1	1	1	1	-1.0	0	0.0	0.0	-1.0	-1.0	-1.0	0.0	2.0	2.0	1.0	2.0	2.0	-1	0.0	2.0	1.0	1	-1	-1	-1	1	1	1	1.0	-1.0	1.39215686275	1.27450980392	1.29411764706	1.39215686275	1.39215686275	1.33333333333	0.0196078431373	0.274509803922	-0.450980392157	0.0980392156863	0.156862745098	-0.078431372549	0.078431372549	0.254901960784	1.27450980392	1.29411764706	0.725490196078	1.19607843137	1.27450980392	-0.117647058824	0.56862745098	0.764705882353	0.647058823529	0.921568627451	0.764705882353	0.56862745098	0.686274509804	0.921568627451	0.607843137255	0.803921568627	0.882352941176	0.901960784314	1.39215686275	1.27450980392	1.29411764706	1.39215686275	1.39215686275	1.33333333333	0.0196078431373	0.274509803922	-0.450980392157	0.0980392156863	0.156862745098	-0.078431372549	0.078431372549	0.254901960784	1.27450980392	1.29411764706	0.725490196078	1.19607843137	1.27450980392	-0.117647058824
55	Thailand	2016.0	1	2	2	1	2	2	0.0	-1	-1.0	-1.0	-1.0	0.0	-1.0	-1.0	2.0	2.0	2.0	2.0	2.0	-1	0.0	0.0	0.0	1	1	1	1	1	1	1	1.0	1.0	1.5	1.25	1.0	1.25	1.75	1.75	0.0	0.25	-0.5	-0.75	-0.5	0.0	0.0	-0.25	1.0	1.25	1.0	1.0	1.5	-0.5	0.5	0.5	0.5	1.0	1.0	0.5	0.0	1.0	1.0	1.0	0.75	1.0	1.5	1.25	1.0	1.25	1.75	1.75	0.0	0.25	-0.5	-0.75	-0.5	0.0	0.0	-0.25	1.0	1.25	1.0	1.0	1.5	-0.5
58	Thailand	2016.0	1	1	-1	1	2	1	1.0	1	-1.0	0.0	0.0	-1.0	1.0	-1.0	-2.0	-1.0	-2.0	-2.0	0.0	-1	0.0	0.0	0.0	1	1	-1	-1	1	1	1	1.0	1.0	1.5	1.25	1.0	1.25	1.75	1.75	0.0	0.25	-0.5	-0.75	-0.5	0.0	0.0	-0.25	1.0	1.25	1.0	1.0	1.5	-0.5	0.5	0.5	0.5	1.0	1.0	0.5	0.0	1.0	1.0	1.0	0.75	1.0	1.5	1.25	1.0	1.25	1.75	1.75	0.0	0.25	-0.5	-0.75	-0.5	0.0	0.0	-0.25	1.0	1.25	1.0	1.0	1.5	-0.5
59	Thailand	2016.0	2	1	1	1	2	2	-1.0	0	0.0	-1.0	0.0	0.0	0.0	0.0	2.0	2.0	2.0	2.0	2.0	-1	0.0	0.0	0.0	1	1	1	-1	1	1	1	1.0	1.0	1.5	1.25	1.0	1.25	1.75	1.75	0.0	0.25	-0.5	-0.75	-0.5	0.0	0.0	-0.25	1.0	1.25	1.0	1.0	1.5	-0.5	0.5	0.5	0.5	1.0	1.0	0.5	0.0	1.0	1.0	1.0	0.75	1.0	1.5	1.25	1.0	1.25	1.75	1.75	0.0	0.25	-0.5	-0.75	-0.5	0.0	0.0	-0.25	1.0	1.25	1.0	1.0	1.5	-0.5
61	Thailand	2016.0	2	1	2	2	1	2	0.0	1	0.0	-1.0	-1.0	1.0	0.0	1.0	2.0	2.0	2.0	2.0	2.0	1	2.0	2.0	2.0	1	1	1	1	1	1	1	0.0	1.0	1.5	1.25	1.0	1.25	1.75	1.75	0.0	0.25	-0.5	-0.75	-0.5	0.0	0.0	-0.25	1.0	1.25	1.0	1.0	1.5	-0.5	0.5	0.5	0.5	1.0	1.0	0.5	0.0	1.0	1.0	1.0	0.75	1.0	1.5	1.25	1.0	1.25	1.75	1.75	0.0	0.25	-0.5	-0.75	-0.5	0.0	0.0	-0.25	1.0	1.25	1.0	1.0	1.5	-0.5
62	Ecuador	2016.0	2	2	2	2	2	2	0.0	1	1.0	0.0	0.0	-1.0	0.0	-1.0	1.0	1.0	1.0	1.0	1.0	1	0.0	1.0	-1.0	-1	-1	-1	1	1	-1	1	1.0	1.0	1.39215686275	1.27450980392	1.29411764706	1.39215686275	1.39215686275	1.33333333333	0.0196078431373	0.274509803922	-0.450980392157	0.0980392156863	0.156862745098	-0.078431372549	0.078431372549	0.254901960784	1.27450980392	1.29411764706	0.725490196078	1.19607843137	1.27450980392	-0.117647058824	0.56862745098	0.764705882353	0.647058823529	0.921568627451	0.764705882353	0.56862745098	0.686274509804	0.921568627451	0.607843137255	0.803921568627	0.882352941176	0.901960784314	1.39215686275	1.27450980392	1.29411764706	1.39215686275	1.39215686275	1.33333333333	0.0196078431373	0.274509803922	-0.450980392157	0.0980392156863	0.156862745098	-0.078431372549	0.078431372549	0.254901960784	1.27450980392	1.29411764706	0.725490196078	1.19607843137	1.27450980392	-0.117647058824
63	Ecuador	2016.0	1	1	1	1	1	1	0.0	-1	-1.0	0.0	1.0	-1.0	-1.0	0.0	-1.0	0.0	-1.0	1.0	1.0	-1	0.0	0.0	0.0	1	1	1	1	1	1	1	-1.0	1.0	1.39215686275	1.27450980392	1.29411764706	1.39215686275	1.39215686275	1.33333333333	0.0196078431373	0.274509803922	-0.450980392157	0.0980392156863	0.156862745098	-0.078431372549	0.078431372549	0.254901960784	1.27450980392	1.29411764706	0.725490196078	1.19607843137	1.27450980392	-0.117647058824	0.56862745098	0.764705882353	0.647058823529	0.921568627451	0.764705882353	0.56862745098	0.686274509804	0.921568627451	0.607843137255	0.803921568627	0.882352941176	0.901960784314	1.39215686275	1.27450980392	1.29411764706	1.39215686275	1.39215686275	1.33333333333	0.0196078431373	0.274509803922	-0.450980392157	0.0980392156863	0.156862745098	-0.078431372549	0.078431372549	0.254901960784	1.27450980392	1.29411764706	0.725490196078	1.19607843137	1.27450980392	-0.117647058824
64	Ecuador	2016.0	1	1	1	1	1	1	1.0	0	-1.0	1.0	0.0	1.0	1.0	1.0	1.0	1.0	0.0	1.0	1.0	-1	0.0	0.0	0.0	1	1	-1	1	1	1	1	1.0	0.0	1.39215686275	1.27450980392	1.29411764706	1.39215686275	1.39215686275	1.33333333333	0.0196078431373	0.274509803922	-0.450980392157	0.0980392156863	0.156862745098	-0.078431372549	0.078431372549	0.254901960784	1.27450980392	1.29411764706	0.725490196078	1.19607843137	1.27450980392	-0.117647058824	0.56862745098	0.764705882353	0.647058823529	0.921568627451	0.764705882353	0.56862745098	0.686274509804	0.921568627451	0.607843137255	0.803921568627	0.882352941176	0.901960784314	1.39215686275	1.27450980392	1.29411764706	1.39215686275	1.39215686275	1.33333333333	0.0196078431373	0.274509803922	-0.450980392157	0.0980392156863	0.156862745098	-0.078431372549	0.078431372549	0.254901960784	1.27450980392	1.29411764706	0.725490196078	1.19607843137	1.27450980392	-0.117647058824
66	Ecuador	2016.0	1	2	1	1	1	1	0.0	-1	-1.0	-1.0	-1.0	0.0	0.0	-1.0	1.0	1.0	-1.0	0.0	2.0	-1	0.0	0.0	0.0	1	1	1	1	1	1	1	1.0	1.0	1.39215686275	1.27450980392	1.29411764706	1.39215686275	1.39215686275	1.33333333333	0.0196078431373	0.274509803922	-0.450980392157	0.0980392156863	0.156862745098	-0.078431372549	0.078431372549	0.254901960784	1.27450980392	1.29411764706	0.725490196078	1.19607843137	1.27450980392	-0.117647058824	0.56862745098	0.764705882353	0.647058823529	0.921568627451	0.764705882353	0.56862745098	0.686274509804	0.921568627451	0.607843137255	0.803921568627	0.882352941176	0.901960784314	1.39215686275	1.27450980392	1.29411764706	1.39215686275	1.39215686275	1.33333333333	0.0196078431373	0.274509803922	-0.450980392157	0.0980392156863	0.156862745098	-0.078431372549	0.078431372549	0.254901960784	1.27450980392	1.29411764706	0.725490196078	1.19607843137	1.27450980392	-0.117647058824
68	Ecuador	2016.0	1	1	1	1	1	1	1.0	1	-1.0	1.0	1.0	-1.0	1.0	1.0	2.0	2.0	2.0	2.0	2.0	-1	0.0	0.0	0.0	1	1	1	1	1	1	1	1.0	1.0	1.39215686275	1.27450980392	1.29411764706	1.39215686275	1.39215686275	1.33333333333	0.0196078431373	0.274509803922	-0.450980392157	0.0980392156863	0.156862745098	-0.078431372549	0.078431372549	0.254901960784	1.27450980392	1.29411764706	0.725490196078	1.19607843137	1.27450980392	-0.117647058824	0.56862745098	0.764705882353	0.647058823529	0.921568627451	0.764705882353	0.56862745098	0.686274509804	0.921568627451	0.607843137255	0.803921568627	0.882352941176	0.901960784314	1.39215686275	1.27450980392	1.29411764706	1.39215686275	1.39215686275	1.33333333333	0.0196078431373	0.274509803922	-0.450980392157	0.0980392156863	0.156862745098	-0.078431372549	0.078431372549	0.254901960784	1.27450980392	1.29411764706	0.725490196078	1.19607843137	1.27450980392	-0.117647058824
69	Ecuador	2016.0	1	1	1	1	1	1	1.0	0	0.0	0.0	0.0	0.0	1.0	1.0	0.0	0.0	-1.0	0.0	0.0	-1	0.0	0.0	0.0	1	1	1	-1	1	-1	1	1.0	1.0	1.39215686275	1.27450980392	1.29411764706	1.39215686275	1.39215686275	1.33333333333	0.0196078431373	0.274509803922	-0.450980392157	0.0980392156863	0.156862745098	-0.078431372549	0.078431372549	0.254901960784	1.27450980392	1.29411764706	0.725490196078	1.19607843137	1.27450980392	-0.117647058824	0.56862745098	0.764705882353	0.647058823529	0.921568627451	0.764705882353	0.56862745098	0.686274509804	0.921568627451	0.607843137255	0.803921568627	0.882352941176	0.901960784314	1.39215686275	1.27450980392	1.29411764706	1.39215686275	1.39215686275	1.33333333333	0.0196078431373	0.274509803922	-0.450980392157	0.0980392156863	0.156862745098	-0.078431372549	0.078431372549	0.254901960784	1.27450980392	1.29411764706	0.725490196078	1.19607843137	1.27450980392	-0.117647058824
70	Ecuador	2017.0	1	1	1	1	1	1	1.0	0	-1.0	1.0	1.0	0.0	0.0	-1.0	1.0	2.0	1.0	1.0	1.0	-1	0.0	0.0	0.0	1	1	-1	1	1	-1	1	1.0	1.0	1.39215686275	1.27450980392	1.29411764706	1.39215686275	1.39215686275	1.33333333333	0.0196078431373	0.274509803922	-0.450980392157	0.0980392156863	0.156862745098	-0.078431372549	0.078431372549	0.254901960784	1.27450980392	1.29411764706	0.725490196078	1.19607843137	1.27450980392	-0.117647058824	0.56862745098	0.764705882353	0.647058823529	0.921568627451	0.764705882353	0.56862745098	0.686274509804	0.921568627451	0.607843137255	0.803921568627	0.882352941176	0.901960784314	1.39215686275	1.27450980392	1.29411764706	1.39215686275	1.39215686275	1.33333333333	0.0196078431373	0.274509803922	-0.450980392157	0.0980392156863	0.156862745098	-0.078431372549	0.078431372549	0.254901960784	1.27450980392	1.29411764706	0.725490196078	1.19607843137	1.27450980392	-0.117647058824
71	Ecuador	2016.0	2	2	1	2	2	2	1.0	-1	-1.0	-1.0	0.0	-1.0	-1.0	0.0	2.0	2.0	0.0	2.0	-1.0	-1	0.0	0.0	0.0	1	1	1	1	1	-1	1	1.0	1.0	1.39215686275	1.27450980392	1.29411764706	1.39215686275	1.39215686275	1.33333333333	0.0196078431373	0.274509803922	-0.450980392157	0.0980392156863	0.156862745098	-0.078431372549	0.078431372549	0.254901960784	1.27450980392	1.29411764706	0.725490196078	1.19607843137	1.27450980392	-0.117647058824	0.56862745098	0.764705882353	0.647058823529	0.921568627451	0.764705882353	0.56862745098	0.686274509804	0.921568627451	0.607843137255	0.803921568627	0.882352941176	0.901960784314	1.39215686275	1.27450980392	1.29411764706	1.39215686275	1.39215686275	1.33333333333	0.0196078431373	0.274509803922	-0.450980392157	0.0980392156863	0.156862745098	-0.078431372549	0.078431372549	0.254901960784	1.27450980392	1.29411764706	0.725490196078	1.19607843137	1.27450980392	-0.117647058824
72	Ecuador	2016.0	1	1	1	1	1	1	-1.0	-1	-1.0	-1.0	1.0	-1.0	1.0	1.0	-1.0	1.0	-2.0	1.0	-1.0	-1	0.0	0.0	0.0	1	1	1	-1	-1	-1	-1	1.0	1.0	1.39215686275	1.27450980392	1.29411764706	1.39215686275	1.39215686275	1.33333333333	0.0196078431373	0.274509803922	-0.450980392157	0.0980392156863	0.156862745098	-0.078431372549	0.078431372549	0.254901960784	1.27450980392	1.29411764706	0.725490196078	1.19607843137	1.27450980392	-0.117647058824	0.56862745098	0.764705882353	0.647058823529	0.921568627451	0.764705882353	0.56862745098	0.686274509804	0.921568627451	0.607843137255	0.803921568627	0.882352941176	0.901960784314	1.39215686275	1.27450980392	1.29411764706	1.39215686275	1.39215686275	1.33333333333	0.0196078431373	0.274509803922	-0.450980392157	0.0980392156863	0.156862745098	-0.078431372549	0.078431372549	0.254901960784	1.27450980392	1.29411764706	0.725490196078	1.19607843137	1.27450980392	-0.117647058824
73	Ecuador	2016.0	2	1	2	1	1	2	1.0	-1	-1.0	0.0	0.0	0.0	0.0	0.0	1.0	1.0	0.0	1.0	1.0	-1	0.0	0.0	0.0	1	1	1	1	1	-1	1	1.0	1.0	1.39215686275	1.27450980392	1.29411764706	1.39215686275	1.39215686275	1.33333333333	0.0196078431373	0.274509803922	-0.450980392157	0.0980392156863	0.156862745098	-0.078431372549	0.078431372549	0.254901960784	1.27450980392	1.29411764706	0.725490196078	1.19607843137	1.27450980392	-0.117647058824	0.56862745098	0.764705882353	0.647058823529	0.921568627451	0.764705882353	0.56862745098	0.686274509804	0.921568627451	0.607843137255	0.803921568627	0.882352941176	0.901960784314	1.39215686275	1.27450980392	1.29411764706	1.39215686275	1.39215686275	1.33333333333	0.0196078431373	0.274509803922	-0.450980392157	0.0980392156863	0.156862745098	-0.078431372549	0.078431372549	0.254901960784	1.27450980392	1.29411764706	0.725490196078	1.19607843137	1.27450980392	-0.117647058824
75	Ecuador	2016.0	1	1	2	2	2	1	1.0	-1	-1.0	0.0	0.0	-1.0	-1.0	-1.0	2.0	1.0	1.0	2.0	2.0	-1	0.0	0.0	0.0	1	1	1	1	1	1	1	1.0	1.0	1.39215686275	1.27450980392	1.29411764706	1.39215686275	1.39215686275	1.33333333333	0.0196078431373	0.274509803922	-0.450980392157	0.0980392156863	0.156862745098	-0.078431372549	0.078431372549	0.254901960784	1.27450980392	1.29411764706	0.725490196078	1.19607843137	1.27450980392	-0.117647058824	0.56862745098	0.764705882353	0.647058823529	0.921568627451	0.764705882353	0.56862745098	0.686274509804	0.921568627451	0.607843137255	0.803921568627	0.882352941176	0.901960784314	1.39215686275	1.27450980392	1.29411764706	1.39215686275	1.39215686275	1.33333333333	0.0196078431373	0.274509803922	-0.450980392157	0.0980392156863	0.156862745098	-0.078431372549	0.078431372549	0.254901960784	1.27450980392	1.29411764706	0.725490196078	1.19607843137	1.27450980392	-0.117647058824
77	Ecuador	2016.0	1	1	1	1	1	1	0.0	0	0.0	0.0	1.0	0.0	1.0	1.0	1.0	1.0	1.0	1.0	1.0	-1	0.0	0.0	0.0	1	1	1	1	1	1	1	1.0	1.0	1.39215686275	1.27450980392	1.29411764706	1.39215686275	1.39215686275	1.33333333333	0.0196078431373	0.274509803922	-0.450980392157	0.0980392156863	0.156862745098	-0.078431372549	0.078431372549	0.254901960784	1.27450980392	1.29411764706	0.725490196078	1.19607843137	1.27450980392	-0.117647058824	0.56862745098	0.764705882353	0.647058823529	0.921568627451	0.764705882353	0.56862745098	0.686274509804	0.921568627451	0.607843137255	0.803921568627	0.882352941176	0.901960784314	1.39215686275	1.27450980392	1.29411764706	1.39215686275	1.39215686275	1.33333333333	0.0196078431373	0.274509803922	-0.450980392157	0.0980392156863	0.156862745098	-0.078431372549	0.078431372549	0.254901960784	1.27450980392	1.29411764706	0.725490196078	1.19607843137	1.27450980392	-0.117647058824
78	Ecuador	2016.0	2	1	1	2	2	2	1.0	1	0.0	1.0	0.0	0.0	0.0	0.0	1.0	1.0	0.0	0.0	1.0	-1	0.0	0.0	0.0	1	1	1	-1	1	1	1	1.0	1.0	1.39215686275	1.27450980392	1.29411764706	1.39215686275	1.39215686275	1.33333333333	0.0196078431373	0.274509803922	-0.450980392157	0.0980392156863	0.156862745098	-0.078431372549	0.078431372549	0.254901960784	1.27450980392	1.29411764706	0.725490196078	1.19607843137	1.27450980392	-0.117647058824	0.56862745098	0.764705882353	0.647058823529	0.921568627451	0.764705882353	0.56862745098	0.686274509804	0.921568627451	0.607843137255	0.803921568627	0.882352941176	0.901960784314	1.39215686275	1.27450980392	1.29411764706	1.39215686275	1.39215686275	1.33333333333	0.0196078431373	0.274509803922	-0.450980392157	0.0980392156863	0.156862745098	-0.078431372549	0.078431372549	0.254901960784	1.27450980392	1.29411764706	0.725490196078	1.19607843137	1.27450980392	-0.117647058824
80	Ecuador	2016.0	2	2	1	1	1	2	1.0	1	0.0	1.0	1.0	0.0	1.0	1.0	1.0	-1.0	0.0	1.0	1.0	-1	0.0	0.0	0.0	1	1	1	1	1	-1	1	1.0	1.0	1.39215686275	1.27450980392	1.29411764706	1.39215686275	1.39215686275	1.33333333333	0.0196078431373	0.274509803922	-0.450980392157	0.0980392156863	0.156862745098	-0.078431372549	0.078431372549	0.254901960784	1.27450980392	1.29411764706	0.725490196078	1.19607843137	1.27450980392	-0.117647058824	0.56862745098	0.764705882353	0.647058823529	0.921568627451	0.764705882353	0.56862745098	0.686274509804	0.921568627451	0.607843137255	0.803921568627	0.882352941176	0.901960784314	1.39215686275	1.27450980392	1.29411764706	1.39215686275	1.39215686275	1.33333333333	0.0196078431373	0.274509803922	-0.450980392157	0.0980392156863	0.156862745098	-0.078431372549	0.078431372549	0.254901960784	1.27450980392	1.29411764706	0.725490196078	1.19607843137	1.27450980392	-0.117647058824
81	Ecuador	2016.0	2	2	1	1	2	1	1.0	1	1.0	1.0	0.0	-1.0	0.0	0.0	0.0	0.0	-1.0	1.0	1.0	-1	0.0	0.0	0.0	1	1	1	1	1	1	1	1.0	1.0	1.39215686275	1.27450980392	1.29411764706	1.39215686275	1.39215686275	1.33333333333	0.0196078431373	0.274509803922	-0.450980392157	0.0980392156863	0.156862745098	-0.078431372549	0.078431372549	0.254901960784	1.27450980392	1.29411764706	0.725490196078	1.19607843137	1.27450980392	-0.117647058824	0.56862745098	0.764705882353	0.647058823529	0.921568627451	0.764705882353	0.56862745098	0.686274509804	0.921568627451	0.607843137255	0.803921568627	0.882352941176	0.901960784314	1.39215686275	1.27450980392	1.29411764706	1.39215686275	1.39215686275	1.33333333333	0.0196078431373	0.274509803922	-0.450980392157	0.0980392156863	0.156862745098	-0.078431372549	0.078431372549	0.254901960784	1.27450980392	1.29411764706	0.725490196078	1.19607843137	1.27450980392	-0.117647058824
82	Ecuador	2016.0	1	1	1	1	1	1	-1.0	0	-1.0	0.0	1.0	0.0	0.0	0.0	0.0	-1.0	-1.0	0.0	0.0	-1	0.0	0.0	0.0	1	1	1	1	1	1	1	1.0	1.0	1.39215686275	1.27450980392	1.29411764706	1.39215686275	1.39215686275	1.33333333333	0.0196078431373	0.274509803922	-0.450980392157	0.0980392156863	0.156862745098	-0.078431372549	0.078431372549	0.254901960784	1.27450980392	1.29411764706	0.725490196078	1.19607843137	1.27450980392	-0.117647058824	0.56862745098	0.764705882353	0.647058823529	0.921568627451	0.764705882353	0.56862745098	0.686274509804	0.921568627451	0.607843137255	0.803921568627	0.882352941176	0.901960784314	1.39215686275	1.27450980392	1.29411764706	1.39215686275	1.39215686275	1.33333333333	0.0196078431373	0.274509803922	-0.450980392157	0.0980392156863	0.156862745098	-0.078431372549	0.078431372549	0.254901960784	1.27450980392	1.29411764706	0.725490196078	1.19607843137	1.27450980392	-0.117647058824
83	Ecuador	2016.0	1	2	2	2	2	2	-1.0	0	-1.0	0.0	0.0	0.0	0.0	1.0	2.0	2.0	2.0	2.0	2.0	1	2.0	2.0	2.0	1	1	1	1	1	1	1	1.0	1.0	1.39215686275	1.27450980392	1.29411764706	1.39215686275	1.39215686275	1.33333333333	0.0196078431373	0.274509803922	-0.450980392157	0.0980392156863	0.156862745098	-0.078431372549	0.078431372549	0.254901960784	1.27450980392	1.29411764706	0.725490196078	1.19607843137	1.27450980392	-0.117647058824	0.56862745098	0.764705882353	0.647058823529	0.921568627451	0.764705882353	0.56862745098	0.686274509804	0.921568627451	0.607843137255	0.803921568627	0.882352941176	0.901960784314	1.39215686275	1.27450980392	1.29411764706	1.39215686275	1.39215686275	1.33333333333	0.0196078431373	0.274509803922	-0.450980392157	0.0980392156863	0.156862745098	-0.078431372549	0.078431372549	0.254901960784	1.27450980392	1.29411764706	0.725490196078	1.19607843137	1.27450980392	-0.117647058824
84	China	2016.0	1	2	1	2	1	1	1.0	1	0.0	0.0	0.0	0.0	0.0	1.0	1.0	2.0	2.0	2.0	2.0	1	2.0	2.0	2.0	1	1	1	1	1	1	1	-1.0	1.0	1.45	1.0	1.35	1.6	0.85	1.35	0.5	0.6	-0.25	0.25	0.0	0.05	0.0	0.55	1.15	1.35	0.9	1.05	1.3	1.0	0.85	1.05	0.85	1.0	1.0	0.3	1.0	1.0	0.6	0.7	0.8	1.0	1.45	1.0	1.35	1.6	0.85	1.35	0.5	0.6	-0.25	0.25	0.0	0.05	0.0	0.55	1.15	1.35	0.9	1.05	1.3	1.0
85	China	2016.0	2	-1	1	2	2	2	1.0	1	-1.0	1.0	0.0	0.0	-1.0	1.0	1.0	2.0	2.0	2.0	2.0	1	2.0	2.0	2.0	1	1	-1	1	1	-1	1	1.0	1.0	1.45	1.0	1.35	1.6	0.85	1.35	0.5	0.6	-0.25	0.25	0.0	0.05	0.0	0.55	1.15	1.35	0.9	1.05	1.3	1.0	0.85	1.05	0.85	1.0	1.0	0.3	1.0	1.0	0.6	0.7	0.8	1.0	1.45	1.0	1.35	1.6	0.85	1.35	0.5	0.6	-0.25	0.25	0.0	0.05	0.0	0.55	1.15	1.35	0.9	1.05	1.3	1.0
86	China	2016.0	2	1	2	1	1	2	1.0	0	-1.0	0.0	0.0	0.0	0.0	1.0	2.0	2.0	2.0	2.0	2.0	1	2.0	2.0	2.0	1	1	1	1	1	1	1	1.0	1.0	1.45	1.0	1.35	1.6	0.85	1.35	0.5	0.6	-0.25	0.25	0.0	0.05	0.0	0.55	1.15	1.35	0.9	1.05	1.3	1.0	0.85	1.05	0.85	1.0	1.0	0.3	1.0	1.0	0.6	0.7	0.8	1.0	1.45	1.0	1.35	1.6	0.85	1.35	0.5	0.6	-0.25	0.25	0.0	0.05	0.0	0.55	1.15	1.35	0.9	1.05	1.3	1.0
87	China	2016.0	1	1	1	1	-1	1	1.0	1	0.0	1.0	0.0	0.0	0.0	1.0	1.0	2.0	1.0	2.0	2.0	1	1.0	1.0	2.0	1	1	1	1	1	1	1	-1.0	1.0	1.45	1.0	1.35	1.6	0.85	1.35	0.5	0.6	-0.25	0.25	0.0	0.05	0.0	0.55	1.15	1.35	0.9	1.05	1.3	1.0	0.85	1.05	0.85	1.0	1.0	0.3	1.0	1.0	0.6	0.7	0.8	1.0	1.45	1.0	1.35	1.6	0.85	1.35	0.5	0.6	-0.25	0.25	0.0	0.05	0.0	0.55	1.15	1.35	0.9	1.05	1.3	1.0
88	China	2016.0	2	1	1	2	1	2	1.0	1	-1.0	-1.0	0.0	0.0	0.0	0.0	1.0	1.0	0.0	0.0	1.0	1	0.0	1.0	1.0	1	1	1	1	1	1	-1	1.0	1.0	1.45	1.0	1.35	1.6	0.85	1.35	0.5	0.6	-0.25	0.25	0.0	0.05	0.0	0.55	1.15	1.35	0.9	1.05	1.3	1.0	0.85	1.05	0.85	1.0	1.0	0.3	1.0	1.0	0.6	0.7	0.8	1.0	1.45	1.0	1.35	1.6	0.85	1.35	0.5	0.6	-0.25	0.25	0.0	0.05	0.0	0.55	1.15	1.35	0.9	1.05	1.3	1.0
89	China	2016.0	2	1	1	2	1	2	0.0	1	0.0	0.0	0.0	0.0	0.0	1.0	2.0	2.0	2.0	2.0	2.0	1	1.0	1.0	1.0	1	1	1	1	1	1	1	1.0	1.0	1.45	1.0	1.35	1.6	0.85	1.35	0.5	0.6	-0.25	0.25	0.0	0.05	0.0	0.55	1.15	1.35	0.9	1.05	1.3	1.0	0.85	1.05	0.85	1.0	1.0	0.3	1.0	1.0	0.6	0.7	0.8	1.0	1.45	1.0	1.35	1.6	0.85	1.35	0.5	0.6	-0.25	0.25	0.0	0.05	0.0	0.55	1.15	1.35	0.9	1.05	1.3	1.0
91	Ecuador	2016.0	1	1	1	1	1	1	-1.0	1	-1.0	1.0	-1.0	0.0	0.0	0.0	2.0	2.0	2.0	2.0	2.0	1	1.0	2.0	1.0	1	1	1	1	1	1	1	1.0	1.0	1.39215686275	1.27450980392	1.29411764706	1.39215686275	1.39215686275	1.33333333333	0.0196078431373	0.274509803922	-0.450980392157	0.0980392156863	0.156862745098	-0.078431372549	0.078431372549	0.254901960784	1.27450980392	1.29411764706	0.725490196078	1.19607843137	1.27450980392	-0.117647058824	0.56862745098	0.764705882353	0.647058823529	0.921568627451	0.764705882353	0.56862745098	0.686274509804	0.921568627451	0.607843137255	0.803921568627	0.882352941176	0.901960784314	1.39215686275	1.27450980392	1.29411764706	1.39215686275	1.39215686275	1.33333333333	0.0196078431373	0.274509803922	-0.450980392157	0.0980392156863	0.156862745098	-0.078431372549	0.078431372549	0.254901960784	1.27450980392	1.29411764706	0.725490196078	1.19607843137	1.27450980392	-0.117647058824
93	Ecuador	2016.0	1	2	1	1	1	2	0.0	1	-1.0	1.0	0.0	0.0	0.0	-1.0	2.0	0.0	0.0	1.0	1.0	1	2.0	2.0	2.0	1	-1	-1	-1	1	-1	1	1.0	1.0	1.39215686275	1.27450980392	1.29411764706	1.39215686275	1.39215686275	1.33333333333	0.0196078431373	0.274509803922	-0.450980392157	0.0980392156863	0.156862745098	-0.078431372549	0.078431372549	0.254901960784	1.27450980392	1.29411764706	0.725490196078	1.19607843137	1.27450980392	-0.117647058824	0.56862745098	0.764705882353	0.647058823529	0.921568627451	0.764705882353	0.56862745098	0.686274509804	0.921568627451	0.607843137255	0.803921568627	0.882352941176	0.901960784314	1.39215686275	1.27450980392	1.29411764706	1.39215686275	1.39215686275	1.33333333333	0.0196078431373	0.274509803922	-0.450980392157	0.0980392156863	0.156862745098	-0.078431372549	0.078431372549	0.254901960784	1.27450980392	1.29411764706	0.725490196078	1.19607843137	1.27450980392	-0.117647058824
94	Ecuador	2016.0	2	2	2	2	2	2	0.0	1	-1.0	1.0	1.0	0.0	0.0	0.0	2.0	2.0	2.0	2.0	2.0	1	2.0	2.0	2.0	1	1	1	1	1	1	1	1.0	1.0	1.39215686275	1.27450980392	1.29411764706	1.39215686275	1.39215686275	1.33333333333	0.0196078431373	0.274509803922	-0.450980392157	0.0980392156863	0.156862745098	-0.078431372549	0.078431372549	0.254901960784	1.27450980392	1.29411764706	0.725490196078	1.19607843137	1.27450980392	-0.117647058824	0.56862745098	0.764705882353	0.647058823529	0.921568627451	0.764705882353	0.56862745098	0.686274509804	0.921568627451	0.607843137255	0.803921568627	0.882352941176	0.901960784314	1.39215686275	1.27450980392	1.29411764706	1.39215686275	1.39215686275	1.33333333333	0.0196078431373	0.274509803922	-0.450980392157	0.0980392156863	0.156862745098	-0.078431372549	0.078431372549	0.254901960784	1.27450980392	1.29411764706	0.725490196078	1.19607843137	1.27450980392	-0.117647058824
95	Ecuador	2016.0	2	2	1	2	2	2	0.0	1	-1.0	1.0	0.0	0.0	0.0	1.0	2.0	2.0	2.0	2.0	2.0	1	2.0	2.0	2.0	1	1	1	1	1	1	1	1.0	1.0	1.39215686275	1.27450980392	1.29411764706	1.39215686275	1.39215686275	1.33333333333	0.0196078431373	0.274509803922	-0.450980392157	0.0980392156863	0.156862745098	-0.078431372549	0.078431372549	0.254901960784	1.27450980392	1.29411764706	0.725490196078	1.19607843137	1.27450980392	-0.117647058824	0.56862745098	0.764705882353	0.647058823529	0.921568627451	0.764705882353	0.56862745098	0.686274509804	0.921568627451	0.607843137255	0.803921568627	0.882352941176	0.901960784314	1.39215686275	1.27450980392	1.29411764706	1.39215686275	1.39215686275	1.33333333333	0.0196078431373	0.274509803922	-0.450980392157	0.0980392156863	0.156862745098	-0.078431372549	0.078431372549	0.254901960784	1.27450980392	1.29411764706	0.725490196078	1.19607843137	1.27450980392	-0.117647058824
96	Ecuador	2016.0	2	1	2	2	2	2	1.0	1	-1.0	1.0	0.0	-1.0	0.0	1.0	2.0	2.0	2.0	1.0	2.0	1	1.0	2.0	1.0	1	1	1	1	1	1	1	1.0	1.0	1.39215686275	1.27450980392	1.29411764706	1.39215686275	1.39215686275	1.33333333333	0.0196078431373	0.274509803922	-0.450980392157	0.0980392156863	0.156862745098	-0.078431372549	0.078431372549	0.254901960784	1.27450980392	1.29411764706	0.725490196078	1.19607843137	1.27450980392	-0.117647058824	0.56862745098	0.764705882353	0.647058823529	0.921568627451	0.764705882353	0.56862745098	0.686274509804	0.921568627451	0.607843137255	0.803921568627	0.882352941176	0.901960784314	1.39215686275	1.27450980392	1.29411764706	1.39215686275	1.39215686275	1.33333333333	0.0196078431373	0.274509803922	-0.450980392157	0.0980392156863	0.156862745098	-0.078431372549	0.078431372549	0.254901960784	1.27450980392	1.29411764706	0.725490196078	1.19607843137	1.27450980392	-0.117647058824
97	Micronesia Pohnpei	2016.0	2	1	1	2	2	2	-1.0	-1	-1.0	-1.0	-1.0	-1.0	-1.0	1.0	1.0	1.0	1.0	1.0	1.0	-1	0.0	0.0	0.0	1	1	1	1	1	1	1	1.0	1.0	1.625	0.875	1.375	1.5	1.25	1.375	-0.375	-0.125	-0.625	-0.625	-0.375	-0.625	-0.5	0.125	0.5	0.75	0.0	0.375	0.125	0.0	0.125	0.375	0.375	0.75	1.0	1.0	1.0	1.0	1.0	1.0	0.75	1.0	1.625	0.875	1.375	1.5	1.25	1.375	-0.375	-0.125	-0.625	-0.625	-0.375	-0.625	-0.5	0.125	0.5	0.75	0.0	0.375	0.125	0.0
98	Micronesia Pohnpei	2016.0	2	1	2	2	1	1	0.0	0	0.0	0.0	0.0	0.0	0.0	0.0	0.0	1.0	-1.0	0.0	0.0	1	0.0	0.0	0.0	-1	1	1	1	1	1	1	1.0	1.0	1.625	0.875	1.375	1.5	1.25	1.375	-0.375	-0.125	-0.625	-0.625	-0.375	-0.625	-0.5	0.125	0.5	0.75	0.0	0.375	0.125	0.0	0.125	0.375	0.375	0.75	1.0	1.0	1.0	1.0	1.0	1.0	0.75	1.0	1.625	0.875	1.375	1.5	1.25	1.375	-0.375	-0.125	-0.625	-0.625	-0.375	-0.625	-0.5	0.125	0.5	0.75	0.0	0.375	0.125	0.0
99	Micronesia Pohnpei	2016.0	1	1	1	1	1	1	0.0	0	0.0	0.0	1.0	0.0	0.0	1.0	1.0	1.0	0.0	1.0	1.0	1	0.0	1.0	1.0	1	1	1	1	1	1	1	1.0	1.0	1.625	0.875	1.375	1.5	1.25	1.375	-0.375	-0.125	-0.625	-0.625	-0.375	-0.625	-0.5	0.125	0.5	0.75	0.0	0.375	0.125	0.0	0.125	0.375	0.375	0.75	1.0	1.0	1.0	1.0	1.0	1.0	0.75	1.0	1.625	0.875	1.375	1.5	1.25	1.375	-0.375	-0.125	-0.625	-0.625	-0.375	-0.625	-0.5	0.125	0.5	0.75	0.0	0.375	0.125	0.0
100	Ecuador	2016.0	-2	-2	-2	-2	-2	-2	-1.0	1	-1.0	-1.0	1.0	0.0	0.0	1.0	2.0	2.0	2.0	2.0	2.0	1	2.0	2.0	2.0	1	1	1	1	1	1	1	1.0	1.0	1.39215686275	1.27450980392	1.29411764706	1.39215686275	1.39215686275	1.33333333333	0.0196078431373	0.274509803922	-0.450980392157	0.0980392156863	0.156862745098	-0.078431372549	0.078431372549	0.254901960784	1.27450980392	1.29411764706	0.725490196078	1.19607843137	1.27450980392	-0.117647058824	0.56862745098	0.764705882353	0.647058823529	0.921568627451	0.764705882353	0.56862745098	0.686274509804	0.921568627451	0.607843137255	0.803921568627	0.882352941176	0.901960784314	1.39215686275	1.27450980392	1.29411764706	1.39215686275	1.39215686275	1.33333333333	0.0196078431373	0.274509803922	-0.450980392157	0.0980392156863	0.156862745098	-0.078431372549	0.078431372549	0.254901960784	1.27450980392	1.29411764706	0.725490196078	1.19607843137	1.27450980392	-0.117647058824
102	Ecuador	2016.0	2	1	2	2	2	2	-1.0	0	-1.0	-1.0	-1.0	-1.0	-1.0	-1.0	-2.0	-2.0	-2.0	-2.0	1.0	-1	0.0	0.0	0.0	-1	1	1	1	1	1	1	1.0	1.0	1.39215686275	1.27450980392	1.29411764706	1.39215686275	1.39215686275	1.33333333333	0.0196078431373	0.274509803922	-0.450980392157	0.0980392156863	0.156862745098	-0.078431372549	0.078431372549	0.254901960784	1.27450980392	1.29411764706	0.725490196078	1.19607843137	1.27450980392	-0.117647058824	0.56862745098	0.764705882353	0.647058823529	0.921568627451	0.764705882353	0.56862745098	0.686274509804	0.921568627451	0.607843137255	0.803921568627	0.882352941176	0.901960784314	1.39215686275	1.27450980392	1.29411764706	1.39215686275	1.39215686275	1.33333333333	0.0196078431373	0.274509803922	-0.450980392157	0.0980392156863	0.156862745098	-0.078431372549	0.078431372549	0.254901960784	1.27450980392	1.29411764706	0.725490196078	1.19607843137	1.27450980392	-0.117647058824
103	Ecuador	2016.0	1	2	2	2	2	1	0.0	0	0.0	1.0	0.0	0.0	1.0	1.0	1.0	1.0	1.0	1.0	1.0	-1	0.0	0.0	0.0	1	1	1	1	1	1	1	1.0	1.0	1.39215686275	1.27450980392	1.29411764706	1.39215686275	1.39215686275	1.33333333333	0.0196078431373	0.274509803922	-0.450980392157	0.0980392156863	0.156862745098	-0.078431372549	0.078431372549	0.254901960784	1.27450980392	1.29411764706	0.725490196078	1.19607843137	1.27450980392	-0.117647058824	0.56862745098	0.764705882353	0.647058823529	0.921568627451	0.764705882353	0.56862745098	0.686274509804	0.921568627451	0.607843137255	0.803921568627	0.882352941176	0.901960784314	1.39215686275	1.27450980392	1.29411764706	1.39215686275	1.39215686275	1.33333333333	0.0196078431373	0.274509803922	-0.450980392157	0.0980392156863	0.156862745098	-0.078431372549	0.078431372549	0.254901960784	1.27450980392	1.29411764706	0.725490196078	1.19607843137	1.27450980392	-0.117647058824
104	Ecuador	2016.0	2	1	2	2	2	2	-1.0	0	-1.0	-1.0	0.0	0.0	-1.0	-1.0	1.0	2.0	1.0	1.0	0.0	-1	0.0	0.0	0.0	1	1	1	1	1	1	1	1.0	1.0	1.39215686275	1.27450980392	1.29411764706	1.39215686275	1.39215686275	1.33333333333	0.0196078431373	0.274509803922	-0.450980392157	0.0980392156863	0.156862745098	-0.078431372549	0.078431372549	0.254901960784	1.27450980392	1.29411764706	0.725490196078	1.19607843137	1.27450980392	-0.117647058824	0.56862745098	0.764705882353	0.647058823529	0.921568627451	0.764705882353	0.56862745098	0.686274509804	0.921568627451	0.607843137255	0.803921568627	0.882352941176	0.901960784314	1.39215686275	1.27450980392	1.29411764706	1.39215686275	1.39215686275	1.33333333333	0.0196078431373	0.274509803922	-0.450980392157	0.0980392156863	0.156862745098	-0.078431372549	0.078431372549	0.254901960784	1.27450980392	1.29411764706	0.725490196078	1.19607843137	1.27450980392	-0.117647058824
105	Ecuador	2016.0	2	1	1	1	2	1	0.0	1	-1.0	0.0	0.0	0.0	0.0	0.0	1.0	2.0	1.0	2.0	2.0	-1	0.0	0.0	0.0	1	1	1	1	1	1	1	1.0	1.0	1.39215686275	1.27450980392	1.29411764706	1.39215686275	1.39215686275	1.33333333333	0.0196078431373	0.274509803922	-0.450980392157	0.0980392156863	0.156862745098	-0.078431372549	0.078431372549	0.254901960784	1.27450980392	1.29411764706	0.725490196078	1.19607843137	1.27450980392	-0.117647058824	0.56862745098	0.764705882353	0.647058823529	0.921568627451	0.764705882353	0.56862745098	0.686274509804	0.921568627451	0.607843137255	0.803921568627	0.882352941176	0.901960784314	1.39215686275	1.27450980392	1.29411764706	1.39215686275	1.39215686275	1.33333333333	0.0196078431373	0.274509803922	-0.450980392157	0.0980392156863	0.156862745098	-0.078431372549	0.078431372549	0.254901960784	1.27450980392	1.29411764706	0.725490196078	1.19607843137	1.27450980392	-0.117647058824
106	Ecuador	2016.0	2	1	2	2	1	2	1.0	-1	-1.0	1.0	1.0	0.0	0.0	0.0	1.0	2.0	0.0	2.0	2.0	1	0.0	1.0	1.0	1	1	-1	1	1	1	1	1.0	1.0	1.39215686275	1.27450980392	1.29411764706	1.39215686275	1.39215686275	1.33333333333	0.0196078431373	0.274509803922	-0.450980392157	0.0980392156863	0.156862745098	-0.078431372549	0.078431372549	0.254901960784	1.27450980392	1.29411764706	0.725490196078	1.19607843137	1.27450980392	-0.117647058824	0.56862745098	0.764705882353	0.647058823529	0.921568627451	0.764705882353	0.56862745098	0.686274509804	0.921568627451	0.607843137255	0.803921568627	0.882352941176	0.901960784314	1.39215686275	1.27450980392	1.29411764706	1.39215686275	1.39215686275	1.33333333333	0.0196078431373	0.274509803922	-0.450980392157	0.0980392156863	0.156862745098	-0.078431372549	0.078431372549	0.254901960784	1.27450980392	1.29411764706	0.725490196078	1.19607843137	1.27450980392	-0.117647058824
107	Ecuador	2016.0	1	2	1	2	2	1	0.0	1	1.0	0.0	1.0	0.0	0.0	1.0	2.0	2.0	2.0	2.0	2.0	-1	0.0	0.0	0.0	1	1	1	1	1	1	1	1.0	1.0	1.39215686275	1.27450980392	1.29411764706	1.39215686275	1.39215686275	1.33333333333	0.0196078431373	0.274509803922	-0.450980392157	0.0980392156863	0.156862745098	-0.078431372549	0.078431372549	0.254901960784	1.27450980392	1.29411764706	0.725490196078	1.19607843137	1.27450980392	-0.117647058824	0.56862745098	0.764705882353	0.647058823529	0.921568627451	0.764705882353	0.56862745098	0.686274509804	0.921568627451	0.607843137255	0.803921568627	0.882352941176	0.901960784314	1.39215686275	1.27450980392	1.29411764706	1.39215686275	1.39215686275	1.33333333333	0.0196078431373	0.274509803922	-0.450980392157	0.0980392156863	0.156862745098	-0.078431372549	0.078431372549	0.254901960784	1.27450980392	1.29411764706	0.725490196078	1.19607843137	1.27450980392	-0.117647058824
108	Marshall Islands	2016.0	2	1	1	1	2	2	-1.0	1	-1.0	-1.0	-1.0	-1.0	-1.0	-1.0	-1.0	-1.0	-2.0	-1.0	-1.0	-1	0.0	0.0	0.0	1	1	1	1	1	1	-1	1.0	1.0	1.55555555556	1.11111111111	1.0	1.55555555556	1.22222222222	1.22222222222	0.0	0.444444444444	-0.111111111111	-0.222222222222	-0.444444444444	-0.222222222222	-0.333333333333	0.222222222222	0.666666666667	0.666666666667	0.111111111111	0.666666666667	0.555555555556	0.777777777778	0.666666666667	1.11111111111	1.11111111111	1.0	0.777777777778	0.555555555556	1.0	1.0	0.777777777778	0.555555555556	1.0	0.777777777778	1.55555555556	1.11111111111	1.0	1.55555555556	1.22222222222	1.22222222222	0.0	0.444444444444	-0.111111111111	-0.222222222222	-0.444444444444	-0.222222222222	-0.333333333333	0.222222222222	0.666666666667	0.666666666667	0.111111111111	0.666666666667	0.555555555556	0.777777777778
109	Ecuador	2016.0	1	2	2	2	1	1	-1.0	1	-1.0	0.0	0.0	0.0	0.0	0.0	0.0	0.0	0.0	0.0	0.0	0	0.0	0.0	0.0	1	1	1	1	1	1	1	1.0	1.0	1.39215686275	1.27450980392	1.29411764706	1.39215686275	1.39215686275	1.33333333333	0.0196078431373	0.274509803922	-0.450980392157	0.0980392156863	0.156862745098	-0.078431372549	0.078431372549	0.254901960784	1.27450980392	1.29411764706	0.725490196078	1.19607843137	1.27450980392	-0.117647058824	0.56862745098	0.764705882353	0.647058823529	0.921568627451	0.764705882353	0.56862745098	0.686274509804	0.921568627451	0.607843137255	0.803921568627	0.882352941176	0.901960784314	1.39215686275	1.27450980392	1.29411764706	1.39215686275	1.39215686275	1.33333333333	0.0196078431373	0.274509803922	-0.450980392157	0.0980392156863	0.156862745098	-0.078431372549	0.078431372549	0.254901960784	1.27450980392	1.29411764706	0.725490196078	1.19607843137	1.27450980392	-0.117647058824
110	Marshall Islands	2016.0	1	2	1	1	1	1	-1.0	0	-1.0	-1.0	0.0	-1.0	-1.0	1.0	1.0	1.0	0.0	1.0	1.0	1	0.0	1.0	1.0	1	1	1	1	1	1	-1	1.0	1.0	1.55555555556	1.11111111111	1.0	1.55555555556	1.22222222222	1.22222222222	0.0	0.444444444444	-0.111111111111	-0.222222222222	-0.444444444444	-0.222222222222	-0.333333333333	0.222222222222	0.666666666667	0.666666666667	0.111111111111	0.666666666667	0.555555555556	0.777777777778	0.666666666667	1.11111111111	1.11111111111	1.0	0.777777777778	0.555555555556	1.0	1.0	0.777777777778	0.555555555556	1.0	0.777777777778	1.55555555556	1.11111111111	1.0	1.55555555556	1.22222222222	1.22222222222	0.0	0.444444444444	-0.111111111111	-0.222222222222	-0.444444444444	-0.222222222222	-0.333333333333	0.222222222222	0.666666666667	0.666666666667	0.111111111111	0.666666666667	0.555555555556	0.777777777778
111	Micronesia Pohnpei	2016.0	1	-1	1	1	1	1	-1.0	0	-1.0	-1.0	0.0	-1.0	-1.0	-1.0	1.0	2.0	0.0	0.0	2.0	1	0.0	1.0	1.0	1	1	1	1	1	1	1	-1.0	1.0	1.625	0.875	1.375	1.5	1.25	1.375	-0.375	-0.125	-0.625	-0.625	-0.375	-0.625	-0.5	0.125	0.5	0.75	0.0	0.375	0.125	0.0	0.125	0.375	0.375	0.75	1.0	1.0	1.0	1.0	1.0	1.0	0.75	1.0	1.625	0.875	1.375	1.5	1.25	1.375	-0.375	-0.125	-0.625	-0.625	-0.375	-0.625	-0.5	0.125	0.5	0.75	0.0	0.375	0.125	0.0
112	China	2016.0	1	1	1	1	-1	1	1.0	1	1.0	1.0	0.0	1.0	0.0	1.0	2.0	2.0	1.0	1.0	2.0	1	1.0	0.0	0.0	1	1	-1	1	1	1	1	1.0	1.0	1.45	1.0	1.35	1.6	0.85	1.35	0.5	0.6	-0.25	0.25	0.0	0.05	0.0	0.55	1.15	1.35	0.9	1.05	1.3	1.0	0.85	1.05	0.85	1.0	1.0	0.3	1.0	1.0	0.6	0.7	0.8	1.0	1.45	1.0	1.35	1.6	0.85	1.35	0.5	0.6	-0.25	0.25	0.0	0.05	0.0	0.55	1.15	1.35	0.9	1.05	1.3	1.0
113	Micronesia Pohnpei	2016.0	2	2	2	2	2	2	-1.0	-1	-1.0	-1.0	-1.0	-1.0	0.0	0.0	1.0	1.0	1.0	1.0	1.0	-1	0.0	0.0	0.0	1	1	1	1	1	1	1	1.0	1.0	1.625	0.875	1.375	1.5	1.25	1.375	-0.375	-0.125	-0.625	-0.625	-0.375	-0.625	-0.5	0.125	0.5	0.75	0.0	0.375	0.125	0.0	0.125	0.375	0.375	0.75	1.0	1.0	1.0	1.0	1.0	1.0	0.75	1.0	1.625	0.875	1.375	1.5	1.25	1.375	-0.375	-0.125	-0.625	-0.625	-0.375	-0.625	-0.5	0.125	0.5	0.75	0.0	0.375	0.125	0.0
115	Micronesia Kosrae	2015.0	2	2	2	2	2	2	0.0	1	0.0	1.0	0.0	0.0	-1.0	0.0	2.0	2.0	1.0	1.0	2.0	-1	0.0	0.0	0.0	1	1	1	1	1	1	1	1.0	1.0	2.0	2.0	2.0	2.0	2.0	2.0	0.0	1.0	0.0	1.0	0.0	0.0	-1.0	0.0	2.0	2.0	1.0	1.0	2.0	-1.0	0.0	0.0	0.0	1.0	1.0	1.0	1.0	1.0	1.0	1.0	1.0	1.0	2.0	2.0	2.0	2.0	2.0	2.0	0.0	1.0	0.0	1.0	0.0	0.0	-1.0	0.0	2.0	2.0	1.0	1.0	2.0	-1.0
118	Micronesia Pohnpei	2016.0	2	1	2	2	1	2	-1.0	0	-1.0	-1.0	-1.0	-1.0	-1.0	0.0	0.0	0.0	0.0	0.0	0.0	-1	0.0	0.0	0.0	1	1	1	1	1	1	1	1.0	1.0	1.625	0.875	1.375	1.5	1.25	1.375	-0.375	-0.125	-0.625	-0.625	-0.375	-0.625	-0.5	0.125	0.5	0.75	0.0	0.375	0.125	0.0	0.125	0.375	0.375	0.75	1.0	1.0	1.0	1.0	1.0	1.0	0.75	1.0	1.625	0.875	1.375	1.5	1.25	1.375	-0.375	-0.125	-0.625	-0.625	-0.375	-0.625	-0.5	0.125	0.5	0.75	0.0	0.375	0.125	0.0
120	Micronesia Pohnpei	2016.0	1	1	1	1	1	1	0.0	1	0.0	0.0	0.0	0.0	0.0	0.0	0.0	1.0	1.0	0.0	-2.0	1	1.0	1.0	1.0	1	1	1	1	1	1	1	1.0	1.0	1.625	0.875	1.375	1.5	1.25	1.375	-0.375	-0.125	-0.625	-0.625	-0.375	-0.625	-0.5	0.125	0.5	0.75	0.0	0.375	0.125	0.0	0.125	0.375	0.375	0.75	1.0	1.0	1.0	1.0	1.0	1.0	0.75	1.0	1.625	0.875	1.375	1.5	1.25	1.375	-0.375	-0.125	-0.625	-0.625	-0.375	-0.625	-0.5	0.125	0.5	0.75	0.0	0.375	0.125	0.0
121	Micronesia Pohnpei	2016.0	2	1	1	1	1	1	1.0	0	-1.0	-1.0	-1.0	-1.0	-1.0	0.0	0.0	-1.0	-2.0	0.0	-2.0	-1	0.0	0.0	0.0	1	1	1	1	1	1	1	1.0	1.0	1.625	0.875	1.375	1.5	1.25	1.375	-0.375	-0.125	-0.625	-0.625	-0.375	-0.625	-0.5	0.125	0.5	0.75	0.0	0.375	0.125	0.0	0.125	0.375	0.375	0.75	1.0	1.0	1.0	1.0	1.0	1.0	0.75	1.0	1.625	0.875	1.375	1.5	1.25	1.375	-0.375	-0.125	-0.625	-0.625	-0.375	-0.625	-0.5	0.125	0.5	0.75	0.0	0.375	0.125	0.0
122	China	2016.0	1	1	2	2	1	1	1.0	0	0.0	0.0	0.0	1.0	-1.0	0.0	0.0	1.0	-1.0	-1.0	1.0	1	-1.0	0.0	-1.0	1	1	-1	1	1	-1	1	1.0	1.0	1.45	1.0	1.35	1.6	0.85	1.35	0.5	0.6	-0.25	0.25	0.0	0.05	0.0	0.55	1.15	1.35	0.9	1.05	1.3	1.0	0.85	1.05	0.85	1.0	1.0	0.3	1.0	1.0	0.6	0.7	0.8	1.0	1.45	1.0	1.35	1.6	0.85	1.35	0.5	0.6	-0.25	0.25	0.0	0.05	0.0	0.55	1.15	1.35	0.9	1.05	1.3	1.0
123	China	2016.0	1	2	2	2	1	2	0.0	1	0.0	1.0	0.0	0.0	0.0	1.0	2.0	2.0	2.0	2.0	2.0	1	1.0	1.0	1.0	1	1	1	1	1	1	1	1.0	1.0	1.45	1.0	1.35	1.6	0.85	1.35	0.5	0.6	-0.25	0.25	0.0	0.05	0.0	0.55	1.15	1.35	0.9	1.05	1.3	1.0	0.85	1.05	0.85	1.0	1.0	0.3	1.0	1.0	0.6	0.7	0.8	1.0	1.45	1.0	1.35	1.6	0.85	1.35	0.5	0.6	-0.25	0.25	0.0	0.05	0.0	0.55	1.15	1.35	0.9	1.05	1.3	1.0
124	China	2016.0	2	1	2	2	-1	1	0.0	0	-1.0	0.0	-1.0	-1.0	0.0	0.0	1.0	1.0	1.0	1.0	1.0	1	1.0	2.0	2.0	1	1	1	1	1	1	1	1.0	1.0	1.45	1.0	1.35	1.6	0.85	1.35	0.5	0.6	-0.25	0.25	0.0	0.05	0.0	0.55	1.15	1.35	0.9	1.05	1.3	1.0	0.85	1.05	0.85	1.0	1.0	0.3	1.0	1.0	0.6	0.7	0.8	1.0	1.45	1.0	1.35	1.6	0.85	1.35	0.5	0.6	-0.25	0.25	0.0	0.05	0.0	0.55	1.15	1.35	0.9	1.05	1.3	1.0
126	American Samoa	2016.0	1	2	-1	2	2	1	0.0	-1	0.0	0.0	0.0	0.0	0.0	-1.0	0.0	0.0	0.0	0.0	0.0	0	0.0	0.0	0.0	1	1	1	1	1	1	1	1.0	1.0	1.33333333333	1.4	1.33333333333	1.4	1.4	1.4	0.0	0.0666666666667	-0.0666666666667	-0.2	-0.333333333333	-0.133333333333	-0.2	0.466666666667	1.13333333333	1.13333333333	1.06666666667	1.2	1.26666666667	0.6	0.866666666667	1.2	1.06666666667	1.0	0.866666666667	0.6	0.6	1.0	1.0	1.0	1.0	1.0	1.33333333333	1.4	1.33333333333	1.4	1.4	1.4	0.0	0.0666666666667	-0.0666666666667	-0.2	-0.333333333333	-0.133333333333	-0.2	0.466666666667	1.13333333333	1.13333333333	1.06666666667	1.2	1.26666666667	0.6
127	American Samoa	2016.0	1	1	1	2	1	1	0.0	1	-1.0	-1.0	-1.0	-1.0	-1.0	-1.0	0.0	0.0	0.0	0.0	0.0	0	0.0	0.0	0.0	1	1	1	1	1	1	1	1.0	1.0	1.33333333333	1.4	1.33333333333	1.4	1.4	1.4	0.0	0.0666666666667	-0.0666666666667	-0.2	-0.333333333333	-0.133333333333	-0.2	0.466666666667	1.13333333333	1.13333333333	1.06666666667	1.2	1.26666666667	0.6	0.866666666667	1.2	1.06666666667	1.0	0.866666666667	0.6	0.6	1.0	1.0	1.0	1.0	1.0	1.33333333333	1.4	1.33333333333	1.4	1.4	1.4	0.0	0.0666666666667	-0.0666666666667	-0.2	-0.333333333333	-0.133333333333	-0.2	0.466666666667	1.13333333333	1.13333333333	1.06666666667	1.2	1.26666666667	0.6
128	American Samoa	2016.0	1	2	2	1	2	2	-1.0	-1	-1.0	-1.0	-1.0	-1.0	-1.0	-1.0	0.0	0.0	-1.0	1.0	0.0	-1	0.0	0.0	0.0	1	1	1	-1	1	1	1	1.0	1.0	1.33333333333	1.4	1.33333333333	1.4	1.4	1.4	0.0	0.0666666666667	-0.0666666666667	-0.2	-0.333333333333	-0.133333333333	-0.2	0.466666666667	1.13333333333	1.13333333333	1.06666666667	1.2	1.26666666667	0.6	0.866666666667	1.2	1.06666666667	1.0	0.866666666667	0.6	0.6	1.0	1.0	1.0	1.0	1.0	1.33333333333	1.4	1.33333333333	1.4	1.4	1.4	0.0	0.0666666666667	-0.0666666666667	-0.2	-0.333333333333	-0.133333333333	-0.2	0.466666666667	1.13333333333	1.13333333333	1.06666666667	1.2	1.26666666667	0.6
130	American Samoa	2016.0	2	1	2	1	2	2	0.0	1	0.0	0.0	0.0	0.0	0.0	1.0	2.0	2.0	2.0	2.0	2.0	1	2.0	2.0	2.0	1	1	1	-1	1	1	1	1.0	1.0	1.33333333333	1.4	1.33333333333	1.4	1.4	1.4	0.0	0.0666666666667	-0.0666666666667	-0.2	-0.333333333333	-0.133333333333	-0.2	0.466666666667	1.13333333333	1.13333333333	1.06666666667	1.2	1.26666666667	0.6	0.866666666667	1.2	1.06666666667	1.0	0.866666666667	0.6	0.6	1.0	1.0	1.0	1.0	1.0	1.33333333333	1.4	1.33333333333	1.4	1.4	1.4	0.0	0.0666666666667	-0.0666666666667	-0.2	-0.333333333333	-0.133333333333	-0.2	0.466666666667	1.13333333333	1.13333333333	1.06666666667	1.2	1.26666666667	0.6
131	American Samoa	2016.0	1	1	2	2	1	1	0.0	1	1.0	0.0	0.0	1.0	1.0	1.0	2.0	2.0	2.0	2.0	2.0	1	2.0	2.0	2.0	1	1	1	1	1	1	1	1.0	1.0	1.33333333333	1.4	1.33333333333	1.4	1.4	1.4	0.0	0.0666666666667	-0.0666666666667	-0.2	-0.333333333333	-0.133333333333	-0.2	0.466666666667	1.13333333333	1.13333333333	1.06666666667	1.2	1.26666666667	0.6	0.866666666667	1.2	1.06666666667	1.0	0.866666666667	0.6	0.6	1.0	1.0	1.0	1.0	1.0	1.33333333333	1.4	1.33333333333	1.4	1.4	1.4	0.0	0.0666666666667	-0.0666666666667	-0.2	-0.333333333333	-0.133333333333	-0.2	0.466666666667	1.13333333333	1.13333333333	1.06666666667	1.2	1.26666666667	0.6
132	American Samoa	2016.0	2	2	1	2	2	1	0.0	0	0.0	-1.0	0.0	-1.0	-1.0	1.0	1.0	1.0	2.0	2.0	1.0	1	1.0	2.0	2.0	1	1	1	1	1	1	1	1.0	1.0	1.33333333333	1.4	1.33333333333	1.4	1.4	1.4	0.0	0.0666666666667	-0.0666666666667	-0.2	-0.333333333333	-0.133333333333	-0.2	0.466666666667	1.13333333333	1.13333333333	1.06666666667	1.2	1.26666666667	0.6	0.866666666667	1.2	1.06666666667	1.0	0.866666666667	0.6	0.6	1.0	1.0	1.0	1.0	1.0	1.33333333333	1.4	1.33333333333	1.4	1.4	1.4	0.0	0.0666666666667	-0.0666666666667	-0.2	-0.333333333333	-0.133333333333	-0.2	0.466666666667	1.13333333333	1.13333333333	1.06666666667	1.2	1.26666666667	0.6
133	China	2016.0	1	1	2	2	1	1	1.0	1	0.0	0.0	0.0	0.0	1.0	1.0	2.0	2.0	1.0	1.0	2.0	1	1.0	1.0	1.0	1	1	1	1	1	1	1	1.0	1.0	1.45	1.0	1.35	1.6	0.85	1.35	0.5	0.6	-0.25	0.25	0.0	0.05	0.0	0.55	1.15	1.35	0.9	1.05	1.3	1.0	0.85	1.05	0.85	1.0	1.0	0.3	1.0	1.0	0.6	0.7	0.8	1.0	1.45	1.0	1.35	1.6	0.85	1.35	0.5	0.6	-0.25	0.25	0.0	0.05	0.0	0.55	1.15	1.35	0.9	1.05	1.3	1.0
135	China	2016.0	1	-1	1	1	1	-1	1.0	1	-1.0	0.0	0.0	0.0	1.0	0.0	1.0	1.0	1.0	1.0	1.0	1	1.0	1.0	1.0	1	1	-1	1	1	1	1	1.0	1.0	1.45	1.0	1.35	1.6	0.85	1.35	0.5	0.6	-0.25	0.25	0.0	0.05	0.0	0.55	1.15	1.35	0.9	1.05	1.3	1.0	0.85	1.05	0.85	1.0	1.0	0.3	1.0	1.0	0.6	0.7	0.8	1.0	1.45	1.0	1.35	1.6	0.85	1.35	0.5	0.6	-0.25	0.25	0.0	0.05	0.0	0.55	1.15	1.35	0.9	1.05	1.3	1.0
136	American Samoa	2016.0	2	1	2	1	1	2	-1.0	-1	-1.0	-1.0	-1.0	-1.0	1.0	-1.0	-1.0	-1.0	-1.0	-1.0	1.0	-1	0.0	0.0	0.0	1	1	-1	1	1	1	1	1.0	1.0	1.33333333333	1.4	1.33333333333	1.4	1.4	1.4	0.0	0.0666666666667	-0.0666666666667	-0.2	-0.333333333333	-0.133333333333	-0.2	0.466666666667	1.13333333333	1.13333333333	1.06666666667	1.2	1.26666666667	0.6	0.866666666667	1.2	1.06666666667	1.0	0.866666666667	0.6	0.6	1.0	1.0	1.0	1.0	1.0	1.33333333333	1.4	1.33333333333	1.4	1.4	1.4	0.0	0.0666666666667	-0.0666666666667	-0.2	-0.333333333333	-0.133333333333	-0.2	0.466666666667	1.13333333333	1.13333333333	1.06666666667	1.2	1.26666666667	0.6
137	American Samoa	2016.0	1	1	1	1	1	2	0.0	-1	0.0	0.0	0.0	0.0	0.0	1.0	2.0	2.0	2.0	2.0	2.0	1	1.0	1.0	1.0	1	1	1	1	1	1	1	1.0	1.0	1.33333333333	1.4	1.33333333333	1.4	1.4	1.4	0.0	0.0666666666667	-0.0666666666667	-0.2	-0.333333333333	-0.133333333333	-0.2	0.466666666667	1.13333333333	1.13333333333	1.06666666667	1.2	1.26666666667	0.6	0.866666666667	1.2	1.06666666667	1.0	0.866666666667	0.6	0.6	1.0	1.0	1.0	1.0	1.0	1.33333333333	1.4	1.33333333333	1.4	1.4	1.4	0.0	0.0666666666667	-0.0666666666667	-0.2	-0.333333333333	-0.133333333333	-0.2	0.466666666667	1.13333333333	1.13333333333	1.06666666667	1.2	1.26666666667	0.6
138	American Samoa	2016.0	1	2	1	1	2	1	0.0	0	0.0	0.0	-1.0	-1.0	-1.0	1.0	2.0	2.0	2.0	2.0	2.0	1	0.0	1.0	1.0	1	1	1	1	1	1	1	1.0	1.0	1.33333333333	1.4	1.33333333333	1.4	1.4	1.4	0.0	0.0666666666667	-0.0666666666667	-0.2	-0.333333333333	-0.133333333333	-0.2	0.466666666667	1.13333333333	1.13333333333	1.06666666667	1.2	1.26666666667	0.6	0.866666666667	1.2	1.06666666667	1.0	0.866666666667	0.6	0.6	1.0	1.0	1.0	1.0	1.0	1.33333333333	1.4	1.33333333333	1.4	1.4	1.4	0.0	0.0666666666667	-0.0666666666667	-0.2	-0.333333333333	-0.133333333333	-0.2	0.466666666667	1.13333333333	1.13333333333	1.06666666667	1.2	1.26666666667	0.6
